record_id,first_name,last_name,email,postcode,city
r0000001,Mortimer,Nunnerley,mortimer.nunnerley@example.net,TR31 1GN,Inverleith
r0000002,Elspeth,Lamperton,elamperton@example.com,US10 8QR,Fenwick
r0000003,Reginald,Wilberforce,reginald_wilberforce@example.org,MU38 7BY,Ashford
r0000004,Phoebe,Cholmondeley,phoebe.cholmondeley@example.org,NW82 5QA,Kestrelby
r0000005,Phoebe,Cholmnodeley,phoebe.cholmondeley@example.org,KU69 2TF,Mordenhall
r0000006,Phoebe,Cohlmondeley,phoebe.cholmondeley@example.org,NW82 5QA,Kestrelby
r0000007,Cordelia,Wetherby,cwetherby@example.org,UR67 3TX,Pinecross
r0000008,Cordleia,Weetherby,Cwetherby@Example.Org,UR67 3TX,
r0000009,Cordelia,Wteherby,Cwetherby@Example.Org,UR67 3TX,Pinecross
r0000010,Delphine,Marchbanks,delphine_marchbanks@example.net,AT39 2NG,Cedarhill
r0000011,Delphine,Marchbansk,delphine_marchbanks@example.net,AT39 2NG,Cedarhill
r0000012,Delphine,Marchbanks,delphine_marchbanks@example.net,DD57 3JX,Draysbourne
r0000013,Octavia,Umberton,octavia.umberton@example.org,SC15 8LR,Brightwater
r0000014,Verity,Osgood,verity.osgood@example.org,EX83 5GW,Northwold
r0000015,Verity,Osgoodd,VERITY.OSGOOD@EXAMPLE.ORG,EX83 5GW,Northwold
r0000016,Verity,Osgood,VERITY.OSGOOD@EXAMPLE.ORG,EX83 5GW,Northwold
r0000017,Verity,Osgood,VERITY.OSGOOD@EXAMPLE.ORG,EX83 5GW,Northwold
r0000018,Clara,Verity,clara59@example.net,CD18 8SA,Glassmere
r0000019,Marcus,Eastleigh,marcus_eastleigh@example.com,AM20 6LP,Cedarhill
r0000020,Mracus,Eastleigh,Marcus_Eastleigh@Example.Com,AM20 6LP,Cedarhill
r0000021,Marcus,Eastleigh,MARCUS_EASTLEIGH@EXAMPLE.COM,AM20 6LP,Cedarhill
r0000022,Marcsu,Eastleiggh,marcus_eastleigh@example.com,AH20 6LP,Cedarhill
r0000023,Margaret,Sedgwick,margaret.sedgwick@example.net,NW90 7YA,Kestrelby
r0000024,Ursula,Illingworth,ursula9@example.net,CX29 5SU,Oakhaven
r0000025,Gideon,Umberton,gideon16@example.net,CY48 6HU,Draysbourne
r0000026,Hattie,Applegarth,hattie_applegarth@example.net,JG66 8XP,Fenwick
r0000027,Hattei,Applegarth,hattie_applegarth@example.net,JG66 8XP,Fenwick
r0000028,Htatie,Applegarth,Hattie_Applegarth@Example.Net,JG66 8XP,
r0000029,Miriam,Vanbrugh,mvanbrugh@example.com,CC42 1ZS,Eastmarch
r0000030,Miriam,Vanburgh,mvanbrughh@example.com,CC42 1ZS,Eastmarch
r0000031,Winifred,Vexley,winifred.vexley@example.net,CT64 8TD,Oakhaven
r0000032,Josephine,Padgett,josephine.padgett@example.org,SW24 3BF,Fenwick
r0000033,Josephine,Padgett,JOSEPHINE.PADGETT@EXAMPLE.ORG,SW24 3BF,Fenwick
r0000034,Josehpine,Padgeett,JOSEPHINE.PADGETT@EXAMPLE.ORG,SW24 3BF,Fenwick
r0000035,Isadora,Padgett,isadora19@example.com,ML95 2WB,Harrowgate
r0000036,Jasper,Vexley,jasper5@example.com,VT87 5JJ,Harrowgate
r0000037,Hattie,Elphinstone,helphinstone@example.net,DT92 5QP,Eastmarch
r0000038,Quentin,Abernathy,quentin.abernathy@example.org,RV66 7EW,Harrowgate
r0000039,Nicholas,Hepplewhite,nicholas_hepplewhite@example.net,NN53 3NR,Eastmarch
r0000040,Samuel,Thackeray,sthackeray@example.org,EH20 2QF,Cedarhill
r0000041,Samuel,Thackeray,STHACKERAY@EXAMPLE.ORG,EH20 2QF,Cedarhill
r0000042,Sam,Thackeray,sthackeray@example.org,EH20 2QC,Cedarhill
r0000043,Elspeth,Mortimer,elspeth.mortimer@example.net,RE49 4PR,Langmoor
r0000044,Elspeth,Mrotimer,ELSPETH.MORTIMER@EXAMPLE.NET,RE79 4PR,Langmoor
r0000045,Elpseth,Mortimer,elspeth.mortimer@example.net,RE49 4PR,
r0000046,Elspeth,Moritmer,Elspeth.Mortimer@Example.Net,VD75 4PD,
r0000047,Meredith,Everleigh,meredith_everleigh@example.org,ED87 8NH,Mordenhall
r0000048,Patrick,Donnelly,patrick.donnelly@example.com,NH24 4YY,Northwold
r0000049,Pat,Donnellly,patrick.donnelly@example.com,NH24 4YA,Northwold
r0000050,Partick,Donnelly,patrick.donnelly@example.com,NH24 4YY,
r0000051,Winifred,Hollingsworth,whollingsworth@example.net,NX55 4UH,Fenwick
r0000052,Cordelia,Merriweather,cordelia.merriweather@example.net,WK65 6PL,Pinecross
r0000053,Archibald,Ivory,archibald49@example.com,GA76 3ST,Pinecross
r0000054,Winifred,Quillon,winifred38@example.net,US43 2PJ,Kestrelby
r0000055,Wiinfred,Quillon,Winnifred38@Example.Net,US43 2PJ,Kestrelby
r0000056,Wiinfred,Quillon,winifred38@example.net,US43 2PJ,Kestrelby
r0000057,Adelaide,Alderton,adelaide90@example.com,XK91 6ZZ,Mordenhall
r0000058,Meredith,Pemberton,mpemberton@example.org,HM57 4PA,Langmoor
r0000059,Meredith,Pemberton,mpemberton@example.org,HM07 4PA,Langmoor
r0000060,Tamsin,Merriweather,tamsin.merriweather@example.net,XG74 4ZZ,Glassmere
r0000061,Barnaby,Zennor,barnaby.zennor@example.org,YJ57 7SR,Glassmere
r0000062,Cornelius,Padgett,cornelius_padgett@example.com,YC38 8BU,Eastmarch
r0000063,Cornleius,Padggett,CORNELIUS_PADGETT@EXAMPLE.COM,YC38 8BU,Eastmarch
r0000064,Wyatt,Elphinstone,wyatt76@example.com,PV38 5BX,Harrowgate
r0000065,Gideon,Rutherglen,gideon_rutherglen@example.org,KP85 5JR,Northwold
r0000066,Gideno,Rutherglen,gideon_rutherglen@example.org,WP85 5JR,
r0000067,Juniper,Pargeter,juniper_pargeter@example.com,FJ76 2XU,Inverleith
r0000068,Honoria,Yarborough,hyarborough@example.net,TJ71 8NH,Oakhaven
r0000069,Quentin,Pemberton,quentin.pemberton@example.org,RX57 8BT,Brightwater
r0000070,Phoebe,Wainwright,phoebe_wainwright@example.net,WW43 8ZN,Mordenhall
r0000071,Dorothea,Vexley,dorothea28@example.net,EJ35 1FX,Eastmarch
r0000072,Dorothea,Vexley,Dorothea28@Example.Net,EJ35 1FX,
r0000073,Xanthe,Inchbald,xanthe.inchbald@example.com,AU45 2SJ,Eastmarch
r0000074,Mabel,Yelverton,mabel18@example.org,XH60 4AW,Harrowgate
r0000075,Mable,Yelvetron,mabel18@example.org,XH60 4AW,Harrowgate
r0000076,Mable,Yelverton,mabel18@example.org,XH60 4AW,Harrowgate
r0000077,Penelope,Hawksmoor,penelope23@example.net,AK16 7GY,Northwold
r0000078,Edmund,Zephyrus,edmund_zephyrus@example.net,JH45 2GL,Langmoor
r0000079,Genevieve,Beaumont,gbeaumont@example.org,MK22 6YW,Glassmere
r0000080,Genevieve,Beaumont,GBEAUMONT@EXAMPLE.ORG,MK22 6YW,Glassmere
r0000081,Ignatius,Jennings,ignatius98@example.com,UR30 4XS,Glassmere
r0000082,Yseult,Ainsworth,yseult_ainsworth@example.net,EA91 5AN,Fenwick
r0000083,Maximilian,Kenworthy,maximilian_kenworthy@example.com,YX71 5DD,Glassmere
r0000084,Niamh,Bramwell,niamh47@example.net,XD60 7ZH,Kestrelby
r0000085,Lucasta,Wainwright,lucasta.wainwright@example.org,DR95 1RL,Glassmere
r0000086,Katherine,Nunnerley,katherine22@example.org,UU12 7RQ,Cedarhill
r0000087,Sylvester,Braithwaite,sylvester.braithwaite@example.net,KE65 5XP,Glassmere
r0000088,Yolanda,Galbraith,ygalbraith@example.com,WN81 2FD,Ashford
r0000089,Maximilian,Yelverton,myelverton@example.com,UJ18 8ZJ,Inverleith
r0000090,Yseult,Chadwick,yseult30@example.org,DK54 7UR,Oakhaven
r0000091,Victoria,Lockhart,victoria_lockhart@example.org,TJ11 1XP,Mordenhall
r0000092,Penelope,Hepplewhite,penelope_hepplewhite@example.com,DB34 8BD,Inverleith
r0000093,Pneelope,Hepplewhite,penelope_hepplewhite@example.com,DB34 8BD,Inverleith
r0000094,Penelope,Hepplewhite,PENELOPE_HEPPLEWHITE@EXAMPLE.COM,DB34 8BD,Inverleith
r0000095,Imogen,Norrington,inorrington@example.org,CC17 2EW,Oakhaven
r0000096,Mabel,Kenworthy,mkenworthy@example.org,CK23 2JF,Brightwater
r0000097,Gwendolyn,Blackwood,gwendolyn.blackwood@example.org,KV79 7SP,Eastmarch
r0000098,Yseult,Rosewarne,yrosewarne@example.net,CX83 4FA,Kestrelby
r0000099,Yseult,Rosewarne,YROSEWARNE@EXAMPLE.NET,CX83 4FA,Kestrelby
r0000100,Yseult,Rosewarne,YROSEWARNE@EXAMPLE.NET,CX83 4FA,Kestrelby
r0000101,Yseult,Rosewarn,YROSEWARNE@EXAMPLE.NET,CX83 4FA,Kestrelby
r0000102,Sylvester,Kirkbride,sylvester_kirkbride@example.org,BX61 5LY,Oakhaven
r0000103,Reginald,Inchbald,reginald14@example.com,RW16 4EB,Cedarhill
r0000104,Margaret,Nunnerley,margaret_nunnerley@example.org,CR34 8RA,Eastmarch
r0000105,Margraet,Nunenrley,MARGARET_NUNNERLEY@EXAMPLE.ORG,CR34 8RA,Eastmarch
r0000106,Frederick,Ziegler,frederick81@example.net,XV47 7PB,Brightwater
r0000107,Barnaby,Emberly,bemberly@example.net,MR84 4HZ,Brightwater
r0000108,Patrick,Yardley,patrick85@example.org,KE70 5LR,Eastmarch
r0000109,Patrick,Yardley,Patrick85@Example.Org,KE70 5LR,Eastmarch
r0000110,Patrick,Yardlley,patrick85@example.org,SL61 6FN,Pinecross
r0000111,William,Cholmondeley,william49@example.com,RY71 8YN,Oakhaven
r0000112,Victoria,Beaumont,victoria_beaumont@example.com,TB40 8PS,Oakhaven
r0000113,Alistair,Nunnerley,alistair.nunnerley@example.com,VS43 6GD,Draysbourne
r0000114,Montgomery,Nunnerley,mnunnerley@example.org,VL63 2BG,Glassmere
r0000115,Thaddeus,Somerville,thaddeus80@example.org,SJ88 4PH,Draysbourne
r0000116,Rosalind,Prescott,rosalind_prescott@example.org,JW88 7DP,Langmoor
r0000117,Verity,Rackham,verity_rackham@example.net,PB79 7QL,Fenwick
r0000118,Katherine,Vanbrugh,katherine_vanbrugh@example.com,FS23 5GP,Glassmere
r0000119,Beatrix,Elphinstone,beatrix61@example.com,CH91 5TG,Eastmarch
r0000120,Beatrix,Ottaway,bottaway@example.org,GN51 5HB,Glassmere
r0000121,Beatrix,Ottaway,Bottaway@Example.Org,WF29 1ZZ,
r0000122,Beatrix,Ottaway,BOTTAWAY@EXAMPLE.ORG,GN51 5HB,Glassmere
r0000123,Beatrix,Otttaway,bottaway@example.org,GJ51 5HB,Glassmere
r0000124,Percival,Ingram,percival.ingram@example.org,HN50 4ZR,Brightwater
r0000125,Penelope,Cavendish,penelope_cavendish@example.net,UV81 8RQ,Pinecross
r0000126,Penelope,Cavendish,PENELOPE_CAVENDIH@EXAMPLE.NET,SV81 8RQ,Pinecross
r0000127,Harold,Rosewarne,hrosewarne@example.net,CV66 2RL,Eastmarch
r0000128,Zachary,Sedgwick,zachary_sedgwick@example.net,JY89 2QQ,Cedarhill
r0000129,Xanthe,Lockhart,xlockhart@example.net,UM54 5FD,Kestrelby
r0000130,Orlando,Wainwright,orlando.wainwright@example.net,SB49 1JW,Pinecross
r0000131,Evelyn,Jocelyn,evelyn45@example.net,DM42 1EW,Langmoor
r0000132,Eveyln,Jocelyn,EVELYN45@EXAMPLE.NET,DM42 1EW,Langmoor
r0000133,Genevieve,Vexley,genevieve.vexley@example.com,GB16 4BG,Langmoor
r0000134,Gideon,Hollingsworth,gideon.hollingsworth@example.com,XP59 5UL,Fenwick
r0000135,Gideon,Hollingsworth,Gideon.Hollingsworth@Example.Com,XP57 5UL,Fenwick
r0000136,Oswald,Vexley,oswald_vexley@example.org,SH51 3QW,Draysbourne
r0000137,Juniper,Hollingsworth,juniper25@example.net,FL38 1LX,Oakhaven
r0000138,Grace,Lockhart,grace_lockhart@example.org,JP36 7WB,Brightwater
r0000139,Rosalind,Jardine,rosalind18@example.net,VM88 3ZS,Glassmere
r0000140,Gideon,Zouche,gideon_zouche@example.net,NU63 5ZZ,Cedarhill
r0000141,Montgomery,Jocelyn,mjocelyn@example.com,PG28 3TJ,Eastmarch
r0000142,Gwendolyn,Yeardley,gwendolyn45@example.org,UC90 8ZQ,Langmoor
r0000143,Gwendolny,Yardley,gwendolyn45@example.org,UC90 8ZQ,Langmoor
r0000144,Peregrine,Kettering,pkettering@example.net,PB53 3ZH,Eastmarch
r0000145,Jasper,Farquharson,jasper59@example.com,AF68 1LS,Inverleith
r0000146,Jasepr,Farquharson,JASPER59@EXAMPLE.COM,AF68 1LS,Inverleith
r0000147,Japser,Farquhrason,jasper59@example.com,AF68 1LS,Inverleith
r0000148,Giles,Padgett,gpadgett@example.com,KM38 7AW,Pinecross
r0000149,Jerome,Quimby,jquimby@example.net,PE56 7AL,Cedarhill
r0000150,Jeroem,Qiumby,jquimby@example.net,NE56 7AL,
r0000151,Jerome,Quiimby,jquimby@example.net,PE56 7AL,
r0000152,Isabel,Hawksmoor,isabel77@example.com,CC59 7JF,Langmoor
r0000153,Horatio,Applegarth,happlegarth@example.com,PC37 7SY,Inverleith
r0000154,Leonard,Pargeter,leonard49@example.org,JN92 2QQ,Mordenhall
r0000155,Delphine,Trelawney,delphine.trelawney@example.com,TM76 1WA,Pinecross
r0000156,Frederick,Nightingale,frederick.nightingale@example.net,US62 5TT,Fenwick
r0000157,Peregrine,Marchbanks,peregrine57@example.org,MG49 5NX,Kestrelby
r0000158,Felicity,Langridge,felicity84@example.org,AC39 2GJ,Brightwater
r0000159,Dorothea,Blackwood,dblackwood@example.org,AJ44 1YH,Inverleith
r0000160,Eleanor,Standish,estandish@example.net,TD50 3EQ,Inverleith
r0000161,Alice,Rackham,alice35@example.com,WD64 1WJ,Kestrelby
r0000162,Alice,Rackham,Alice35@Example.Com,WD64 8WJ,Kestrelby
r0000163,Ailce,Rackham,alice35@example.com,WD64 1WJ,Kestrelby
r0000164,Alice,Rackkham,Alice35@Example.Com,KD39 3GA,Mordenhall
r0000165,Rebecca,Danvers,rdanvers@example.com,RW80 1WD,Fenwick
r0000166,Jonathan,Pargeter,jpargeter@example.org,XD74 4TS,Oakhaven
r0000167,Ophelia,Ilchester,ophelia37@example.org,TE27 8RG,Eastmarch
r0000168,Ophelia,Ilchester,Ophelia37@Example.Org,TE27 8RG,Eastmarch
r0000169,Ophelia,Ilchester,OPHELIA37@EXAMPLE.ORG,TE27 8RG,Eastmarch
r0000170,Opehlia,Illchester,OPHELIA37@EXAMPLE.ORG,TE27 8RE,Eastmarch
r0000171,Adelaide,Lyttleton,adelaide_lyttleton@example.org,KX39 4GQ,Brightwater
r0000172,Elspeth,Loxley,elspeth.loxley@example.com,GW27 3JA,Draysbourne
r0000173,Elspeth,Loxley,elspeth.loxley@example.com,GW27 3JE,Draysbourne
r0000174,Elspeth,Loxley,ELSPEETH.LOXLEY@EXAMPLE.COM,UE76 4DX,Northwold
r0000175,Nathaniel,Mowbray,nmowbray@example.com,EX70 2QX,Langmoor
r0000176,Nathaniel,Mowbray,NMOWBRAY@EXAMPLE.COM,EX70 2QX,Langmoor
r0000177,Beatrix,Prescott,bprescott@example.org,KE49 5BG,Fenwick
r0000178,Olivia,Zennor,olivia93@example.com,LB56 5ZR,Cedarhill
r0000179,Olivia,Zennor,OLIIA93@EXAMPLE.COM,LB56 5ZR,Cedarhill
r0000180,Olivai,Zennor,OLIVIA93@EXAMPLE.COM,LB56 5ZR,Cedarhill
r0000181,Margaret,Harcourt,margaret_harcourt@example.org,FE20 6JS,Glassmere
r0000182,Margaret,Harcoutr,MARGARET_HARCOURT@EXAMPLE.ORG,FE20 6JS,Glassmere
r0000183,Maggie,Harcourt,margaret_harcourt@example.org,FE20 6JS,Glassmere
r0000184,Xanthe,Galbraith,xanthe87@example.net,EF51 8XT,Brightwater
r0000185,Benjamin,Blackwood,bblackwood@example.com,MP10 4PQ,Ashford
r0000186,Bartholomew,Lyttleton,bartholomew60@example.net,HA55 3AU,Ashford
r0000187,Theodora,Osgood,theodora.osgood@example.com,CL26 6QU,Brightwater
r0000188,Beatrix,Yarborough,beatrix_yarborough@example.net,AT51 2GA,Cedarhill
r0000189,Beatrxi,Yarborough,beatrix_yarbrough@example.net,AT51 2GD,Cedarhill
r0000190,Beatrix,Yarbrough,beatrix_yarborough@example.net,AT51 2GK,Cedarhill
r0000191,Lachlan,Farquharson,lachlan_farquharson@example.net,DW78 8QG,Harrowgate
r0000192,Lachlan,Farquharson,lachlan_farquharson@example.net,CW78 8QG,Harrowgate
r0000193,Clementine,Wilberforce,clementine65@example.com,FW37 7AU,Oakhaven
r0000194,Clementine,Wilberfoce,clemeentine65@example.com,FW37 7AU,Oakhaven
r0000195,Clemetnine,Wilberforce,clementine665@example.com,FW37 7AU,Oakhaven
r0000196,William,Osgood,wosgood@example.net,RR83 4UP,Northwold
r0000197,Nadia,Wetherby,nadia.wetherby@example.com,VX24 7LW,Brightwater
r0000198,Nadia,Wethery,Nadia.Wetherby@Example.Com,TG69 2SR,Glassmere
r0000199,Nadia,Wetherby,NADIA.WETHERBY@EXAMPLE.COM,VN24 7LW,Brightwater
r0000200,Genevieve,Loxley,genevieve44@example.net,MV14 7BS,Draysbourne
r0000201,Magnus,Zouche,magnus.zouche@example.com,GJ35 5UE,Langmoor
r0000202,Lavinia,Blackwood,lavinia95@example.com,UL67 4DQ,Draysbourne
r0000203,Dorothea,Loxley,dorothea.loxley@example.net,YU37 3UH,Mordenhall
r0000204,Droothea,Loxley,dorothea.loxley@example.net,YU37 3UH,Mordenhall
r0000205,Dorothea,Loxlye,DOROTHEA.LOXLEY@EXAMPLE.NET,YU37 3UH,Mordenhall
r0000206,Rupert,Ivory,rupert_ivory@example.org,NV81 7SP,Inverleith
r0000207,Tamsin,Loxley,tamsin.loxley@example.com,PB85 6ZG,Eastmarch
r0000208,Verity,Fitzwilliam,vfitzwilliam@example.net,AF52 8FL,Pinecross
r0000209,Catherine,Greenhalgh,catherine51@example.org,PC16 4XJ,Kestrelby
r0000210,Cornelius,Eastleigh,cornelius52@example.org,PS75 2HJ,Draysbourne
r0000211,Corneilus,Eastleigh,cornelius52@example.org,PS75 2HJ,Draysbourne
r0000212,Cornleius,Eastlegh,cornelius52@example.org,RR47 1BR,Cedarhill
r0000213,Cornelius,Eastleigh,cornelius52@example.org,SX67 6TL,Langmoor
r0000214,Xanthe,Kettering,xanthe_kettering@example.com,RG71 4JZ,Inverleith
r0000215,Xnathe,Ketteing,xanthe_ketering@example.com,UK18 4UT,Glassmere
r0000216,Xanthe,Ketteriing,Xanthe_Kettering@Example.Com,RG71 4JZ,
r0000217,Xanthe,Kettreing,XANTHE_KETTERING@EXAMPLE.COM,RG81 4JZ,Inverleith
r0000218,Eleanor,Jocelyn,ejocelyn@example.com,KX68 4BY,Kestrelby
r0000219,Tamsin,Inchbald,tinchbald@example.com,PF88 4PN,Eastmarch
r0000220,Tamsin,Inchabld,tinchbald@example.com,PF88 4PN,Eastmarch
r0000221,Tamsin,Inchbald,Tinchbald@Example.Com,PF88 4PN,Eastmarch
r0000222,Thaddeus,Vexley,thaddeus85@example.com,LE37 3DH,Brightwater
r0000223,Thaddeus,Vexley,thadddeus85@example.com,LE37 3DF,
r0000224,Perpetua,Culpepper,perpetua_culpepper@example.net,YT14 4ED,Eastmarch
r0000225,Isabel,Illingworth,isabel25@example.org,RC66 7XZ,Oakhaven
r0000226,Esther,Fairbanks,efairbanks@example.net,UU55 2FD,Inverleith
r0000227,Lavinia,Inchbald,lavinia5@example.net,KV17 6YP,Fenwick
r0000228,Lavinai,Incchbald,lavinia5@example.net,SG76 5RZ,Mordenhall
r0000229,Meredith,Yardley,meredith.yardley@example.com,ME21 4BE,Ashford
r0000230,Meredith,Yardle,meredith.yardley@example.com,ME21 4BE,Ashford
r0000231,Meredtih,Yardley,Meredith.Yardley@Example.Com,JE21 4BE,Ashford
r0000232,Meredith,Yardely,Meredith.Yardley@Example.Com,ME21 4BE,Ashford
r0000233,Genevieve,Norrington,genevieve_norrington@example.net,CX66 7XQ,Fenwick
r0000234,Josephine,Gillingham,josephine.gillingham@example.org,PJ89 4ZP,Langmoor
r0000235,Yseult,Hollingsworth,yhollingsworth@example.org,YB94 8LH,Cedarhill
r0000236,Edmund,Grimshaw,edmund.grimshaw@example.com,PR39 7RB,Cedarhill
r0000237,Magnus,Thackeray,magnus_thackeray@example.org,LL65 1TB,Pinecross
r0000238,Frederick,Sedgwick,frederick.sedgwick@example.org,UR44 3JF,Pinecross
r0000239,Honoria,Kingsley,honoria_kingsley@example.com,DU33 1JR,Draysbourne
r0000240,Jasper,Stanhope,jasper_stanhope@example.org,DF75 7QN,Glassmere
r0000241,Margaret,Quarrington,margaret_quarrington@example.net,WA41 3NU,Glassmere
r0000242,Grace,Thorncroft,grace2@example.com,CA34 5BH,Inverleith
r0000243,Lucasta,Nightingale,lucasta_nightingale@example.com,YG39 4AH,Eastmarch
r0000244,Lucasta,Nigthingale,Lucasta_Nihgtingale@Example.Com,YR39 4AH,Eastmarch
r0000245,Meredith,Fotheringay,meredith_fotheringay@example.com,AM12 2NW,Langmoor
r0000246,Yseult,Ravenscroft,yseult_ravenscroft@example.org,HB39 7LX,Northwold
r0000247,Wilhelmina,Ilchester,wilhelmina_ilchester@example.net,PB66 5RA,Ashford
r0000248,Tabitha,Hollingsworth,tabitha_hollingsworth@example.com,PM59 3DF,Mordenhall
r0000249,Sebastian,Quenington,sebastian29@example.com,KU79 7ZD,Fenwick
r0000250,Sebastian,Quenington,SEBASTIAN29@EXAMPLE.COM,KU79 7ZD,Fenwick
r0000251,Sebastian,Quenington,sebastian29@example.com,KU79 2ZD,Fenwick
r0000252,Sbeastian,Quenington,sebastian29@example.com,KU79 7ZD,Fenwick
r0000253,Phoebe,Norbury,phoebe.norbury@example.net,XV95 3ZX,Glassmere
r0000254,Orlando,Beaumont,orlando_beaumont@example.org,DS38 3DG,Inverleith
r0000255,Ximena,Hollingsworth,ximena_hollingsworth@example.org,GW97 6AJ,Harrowgate
r0000256,Grace,Jocelyn,grace92@example.org,XX13 5NH,Northwold
r0000257,Griselda,Inchbald,griselda_inchbald@example.org,WL21 7HH,Eastmarch
r0000258,Grsielda,Inchbald,Griselda_Inchbald@Example.Org,WL21 7HH,Eastmarch
r0000259,Rebecca,Zouche,rebecca13@example.org,BU25 8JD,Brightwater
r0000260,Octavia,Fitzwilliam,octavia19@example.net,NW93 2RW,Fenwick
r0000261,Jasper,Quenington,jasper90@example.com,AK59 1AX,Pinecross
r0000262,Patrick,Quenington,pquenington@example.org,AV16 7GZ,Northwold
r0000263,Margaret,Kettering,margaret_kettering@example.net,YN60 2HP,Langmoor
r0000264,Maggie,Ketterign,margare_kettering@example.net,YN60 2HP,Langmoor
r0000265,Maggie,Ketetring,MARGARET_KETTERING@EXAMPLE.NET,YN60 2HP,Langmoor
r0000266,Emmeline,Culpepper,emmeline_culpepper@example.net,FS32 4DU,Cedarhill
r0000267,Emmeline,Culpepper,emmeline_culpepper@example.net,JR47 5XE,Northwold
r0000268,Emmeline,Culppper,emmeline_culpepper@example.net,FS32 4DU,Cedarhill
r0000269,Emmeline,Culpepper,Emmeline_Culpepper@Example.Net,FS32 4DU,Cedarhill
r0000270,Imogen,Yardley,imogen73@example.net,HG43 5XA,Oakhaven
r0000271,Jasper,Fitzwilliam,jfitzwilliam@example.org,AN17 3NQ,Mordenhall
r0000272,Archibald,Gillingham,archibald.gillingham@example.net,CW16 6DZ,Brightwater
r0000273,Archibald,Gillinham,ARCHIBALD.GILLINGHAM@EXAMPLE.NET,CW16 6DZ,Brightwater
r0000274,Archibald,Gillinhgam,archibad.gillingham@example.net,CW16 6DZ,Brightwater
r0000275,Archiabld,Gillingham,ARCHIBALD.GILLINGHAM@EXAMPLE.NET,CW16 6DZ,Brightwater
r0000276,Rebecca,Kingscote,rebecca2@example.com,VH19 8SB,Northwold
r0000277,Catherine,Donnelly,cdonnelly@example.com,UX66 8SN,Oakhaven
r0000278,Katherine,Voysey,katherine_voysey@example.net,XE32 6EA,Fenwick
r0000279,Clementine,Standish,clementine.standish@example.org,JS57 8SR,Brightwater
r0000280,Eleanor,Kettering,eleanor.kettering@example.com,HT63 8UT,Cedarhill
r0000281,Margaret,Pemberton,mpemberton@example.org,YT72 2ZS,Brightwater
r0000282,Phoebe,Pemberton,phoebe65@example.net,WN93 6FJ,Fenwick
r0000283,Yseult,Braithwaite,yseult_braithwaite@example.org,DY84 8GS,Northwold
r0000284,Harold,Hollingsworth,harold_hollingsworth@example.org,AS19 2JP,Draysbourne
r0000285,Anneliese,Drummond,anneliese.drummond@example.net,JB20 7DB,Inverleith
r0000286,Giles,Jerningham,giles_jerningham@example.org,DJ70 2BU,Brightwater
r0000287,Desmond,Vexley,desmond.vexley@example.net,AF96 1BW,Northwold
r0000288,Desmond,Vexley,DESMOND.VEXLEY@EXAMPLE.NET,AF96 1BW,Northwold
r0000289,Desmond,Vexley,DESMOND.VEXLEY@EXAMPLE.NET,AF90 1BW,Northwold
r0000290,Desomnd,Vexley,DESMOND.VEXLEY@EXAMPLE.NET,AF96 1BW,Northwold
r0000291,Phoebe,Nunnerley,pnunnerley@example.com,JU63 1PT,Harrowgate
r0000292,Beatrix,Quarrington,beatrix_quarrington@example.net,MT17 1QY,Pinecross
r0000293,Valentina,Padgett,vpadgett@example.com,YN74 6HX,Eastmarch
r0000294,Yolanda,Umberton,yolanda44@example.org,LU45 4XU,Ashford
r0000295,Bartholomew,Vexley,bvexley@example.org,JK94 4BB,Draysbourne
r0000296,Bartholomew,Vexley,bvexley@example.org,JK94 4JB,Draysbourne
r0000297,Bartholomew,Vexley,BVEXLEY@EXAMPLE.ORG,JK94 4BB,Draysbourne
r0000298,Verity,Verity,verity56@example.org,WK76 3DF,Glassmere
r0000299,Rowena,Sinclair,rowena.sinclair@example.net,UH83 3UW,Draysbourne
r0000300,Hugo,Vanbrugh,hugo.vanbrugh@example.com,TC87 2XW,Oakhaven
r0000301,Hguo,Vanbrgh,Hugo.Vanbrugh@Example.Com,TC87 2XW,Oakhaven
r0000302,Hugo,Vaanbrugh,HUGO.VANBRUGH@EXAMPLE.COM,TC87 2XW,Oakhaven
r0000303,Hugo,Vanbrugh,hugo.vanbrugh@example.com,XP18 2JU,Pinecross
r0000304,Winifred,Nightingale,winifred_nightingale@example.com,PK78 6BJ,Kestrelby
r0000305,Emmeline,Nunnerley,emmeline53@example.net,FR48 5TB,Mordenhall
r0000306,Thaddeus,Kingscote,thaddeus60@example.net,VC40 8PL,Inverleith
r0000307,Rowena,Kirkbride,rkirkbride@example.org,BH16 4BP,Glassmere
r0000308,Adelaide,Deverell,adeverell@example.net,VG24 5SL,Pinecross
r0000309,Julius,Abernathy,julius13@example.com,LJ59 8FL,Northwold
r0000310,Ignatius,Deverell,ignatius38@example.org,GR92 5SW,Langmoor
r0000311,Laurence,Everleigh,laurence.everleigh@example.net,AM53 8UZ,Mordenhall
r0000312,Laurence,Evreleigh,laurence.everlegih@example.net,AM53 8UZ,Mordenhall
r0000313,Luarence,Everleigh,laurecne.everleigh@example.net,AM53 8UZ,Mordenhall
r0000314,Laurence,Everleigh,laurence.everleigh@example.net,VS83 1FD,Cedarhill
r0000315,Julius,Standish,jstandish@example.net,VE74 8WG,Northwold
r0000316,Clara,Beaumont,clara6@example.org,VD40 6WQ,Glassmere
r0000317,Cornelius,Ormsby,cornelius_ormsby@example.org,SA43 4FB,Oakhaven
r0000318,Daniel,Osgood,daniel_osgood@example.com,GT85 8EG,Fenwick
r0000319,Ximena,Rackham,ximena.rackham@example.org,YH48 7QT,Pinecross
r0000320,Felicity,Goldsworthy,fgoldsworthy@example.org,JC75 4LQ,Northwold
r0000321,Jonathan,Voysey,jvoysey@example.net,XL67 5LU,Cedarhill
r0000322,Elspeth,Ullathorne,eullathorne@example.org,SW44 3XX,Northwold
r0000323,Thaddeus,Wetherby,thaddeus.wetherby@example.com,UD50 6RN,Langmoor
r0000324,Thadedus,Wetherby,thaddeus.wetherby@example.com,UD50 6RN,Langmoor
r0000325,Thaddeus,Wetherby,THADDEUS.WETHERBY@EXAMPLE.COM,UD50 6RN,Langmoor
r0000326,Imogen,Wainwright,imogen86@example.com,XA49 7DL,Eastmarch
r0000327,Genevieve,Abernathy,gabernathy@example.org,XE35 4YN,Cedarhill
r0000328,Winifred,Carmichael,winifred.carmichael@example.com,VM40 1YZ,Northwold
r0000329,Patrick,Zouche,patrick_zouche@example.net,NL90 8ZL,Glassmere
r0000330,Desmond,Ormsby,desmond_ormsby@example.org,BW59 3XA,Langmoor
r0000331,Alice,Wilberforce,alice54@example.org,GM29 7AY,Inverleith
r0000332,Tamsin,Bramwell,tamsin86@example.net,RP81 1EF,Kestrelby
r0000333,Winifred,Padgett,winifred_padgett@example.net,ED20 6LA,Draysbourne
r0000334,Winifred,Padegtt,WINIFRED_PADGETT@EXAMPLE.NET,ED20 6LA,
r0000335,Wiinfred,Padggett,Winifred_Padgett@Example.Net,ED20 6LA,Draysbourne
r0000336,Winifred,Padegtt,Winifred_Padgett@Example.Net,ED20 6LA,Draysbourne
r0000337,Patrick,Nunnerley,patrick_nunnerley@example.com,VS20 7AU,Ashford
r0000338,Percival,Quenington,percival20@example.org,WK15 8RN,Draysbourne
r0000339,Tabitha,Drummond,tabitha_drummond@example.com,AS33 1TD,Fenwick
r0000340,Tabitha,Drummmond,tabitha_drummond@example.com,AS33 1TD,Fenwick
r0000341,Tabitha,Drummond,tabitha_drummondd@example.com,LH27 6FT,
r0000342,Tabitha,Drummondd,tabitha_drummond@example.com,AS33 1TD,Fenwick
r0000343,Dominic,Dunmore,dominic51@example.org,UW44 2JA,Northwold
r0000344,Valentina,Pemberton,valentina12@example.net,DP57 7DT,Langmoor
r0000345,Cornelius,Beaumont,cbeaumont@example.org,NJ79 5AT,Eastmarch
r0000346,Rosalind,Bramwell,rbramwell@example.org,AS95 3LZ,Pinecross
r0000347,Ingrid,Cavendish,icavendish@example.com,WA16 2FU,Draysbourne
r0000348,Francis,Prescott,francis.prescott@example.com,LW55 4RF,Brightwater
r0000349,Augustine,Ziegler,aziegler@example.org,XT17 4UA,Pinecross
r0000350,Hugo,Norbury,hugo38@example.net,HX26 6US,Draysbourne
r0000351,Hugo,Nobrury,HUG38@EXAMPLE.NET,HX26 6US,Draysbourne
r0000352,Hguo,Norbury,hugo38@example.net,HX26 6US,Draysbourne
r0000353,Hugo,Norbur,Hugo38@Example.Net,HX26 6US,Draysbourne
r0000354,Ximena,Haverford,ximena32@example.com,JC22 3BA,Brightwater
r0000355,Ximena,Haverford,XIMENA32@EXAMPLE.COM,JC22 3BA,Brightwater
r0000356,Ximena,Haverford,XIMENA32@EXAMPLE.COM,JC22 3BA,Brightwater
r0000357,Oswald,Quenington,oswald.quenington@example.org,SB53 3SQ,Langmoor
r0000358,Lysander,Ivory,lysander_ivory@example.org,AK88 6AD,Eastmarch
r0000359,Jonathan,Mainwaring,jonathan7@example.net,AF22 8WA,Langmoor
r0000360,Julius,Vanbrugh,julius.vanbrugh@example.org,SY27 5AQ,Kestrelby
r0000361,Cordelia,Braithwaite,cordelia_braithwaite@example.org,LE96 1XJ,Inverleith
r0000362,Felicity,Dunmore,fdunmore@example.net,YW71 2GB,Inverleith
r0000363,Felicity,Dunmore,FDUNMORE@EXAMPLE.NET,YW71 2GB,Inverleith
r0000364,Felicity,Dunomre,Fdunmore@Example.Net,YW74 2GB,Inverleith
r0000365,Felicity,Dunmoore,fdunmore@example.net,WC72 1RZ,
r0000366,Leonard,Lockhart,leonard_lockhart@example.net,NE77 1GS,Eastmarch
r0000367,William,Fotheringay,wfotheringay@example.net,CR55 4XE,Eastmarch
r0000368,Patrick,Standish,patrick_standish@example.com,YU92 6EU,Langmoor
r0000369,Juniper,Ufford,juniper_ufford@example.net,UX63 2AF,Langmoor
r0000370,Niamh,Ollerenshaw,niamh_ollerenshaw@example.com,XE21 8SL,Pinecross
r0000371,Montgomery,Rackham,montgomery.rackham@example.org,KS98 5RH,Glassmere
r0000372,Thaddeus,Greenhalgh,thaddeus_greenhalgh@example.net,KJ23 6SS,Harrowgate
r0000373,Genevieve,Standish,genevieve23@example.org,TG86 1NR,Brightwater
r0000374,Quentin,Uppingham,quppingham@example.org,WP49 1JJ,Ashford
r0000375,Francis,Haverford,fhaverford@example.org,AG84 1AF,Draysbourne
r0000376,Frederick,Oakhurst,frederick.oakhurst@example.org,PB93 2WJ,Cedarhill
r0000377,Ferderick,Oakhurst,frederick.oakhurst@example.org,PB93 2WJ,Cedarhill
r0000378,Fred,Oahurst,frederick.oakhurst@example.org,PB93 2WJ,Cedarhill
r0000379,Ferd,Oakurst,FREDERICK.OAKHURST@EXAMPLE.ORG,PB93 2WJ,Cedarhill
r0000380,Barnaby,Trelawney,btrelawney@example.com,CM87 3EW,Eastmarch
r0000381,Zora,Hawksmoor,zora36@example.com,XJ89 7TQ,Northwold
r0000382,Rowena,Rutherglen,rowena.rutherglen@example.com,KK86 1YW,Langmoor
r0000383,Rowena,Rutherlgen,Rowena.Rutherglen@Example.Com,KK56 1YW,Langmoor
r0000384,Rowena,Rutherglenn,rowena.rutherglen@example.com,KK86 1YW,Langmoor
r0000385,Maximilian,Vanbrugh,mvanbrugh@example.net,DF98 5JY,Oakhaven
r0000386,Francis,Everleigh,feverleigh@example.net,XN97 2YW,Draysbourne
r0000387,Tabitha,Jocelyn,tjocelyn@example.org,YX39 6WW,Pinecross
r0000388,Tabitha,Jocely,tjocelyn@example.org,YX39 6WW,Pinecross
r0000389,Taibtha,Jocelyn,Tjocelyn@Example.Org,YX39 6WW,Pinecross
r0000390,Tamsin,Kettering,tamsin15@example.org,BR85 3LZ,Harrowgate
r0000391,Ophelia,Padgett,ophelia.padgett@example.net,WT67 1YH,Glassmere
r0000392,Giles,Kingscote,giles2@example.net,LN30 7SE,Ashford
r0000393,Archibald,Culpepper,archibald9@example.net,XD72 1DN,Oakhaven
r0000394,Archibadl,Culpepper,Arcibald9@Example.Net,XD72 1DN,Oakhaven
r0000395,Archibald,Culpepper,Archibald9@Example.Net,XD72 1DN,
r0000396,Orlando,Ellsworth,oellsworth@example.org,CA95 2YF,Langmoor
r0000397,Orlando,Ellsowrth,OELLSWORTH@EXAMPLE.ORG,CA95 2YF,Langmoor
r0000398,Orlando,Ellsworth,OELLSWORTH@EXAMPLE.ORG,CA95 2YF,Langmoor
r0000399,Ophelia,Rosewarne,orosewarne@example.org,DB54 1QR,Mordenhall
r0000400,Ophelia,Rosewaarne,OROSEWARNE@EXAMPLE.ORG,CH24 2PL,Langmoor
r0000401,Ophleia,Rosewanre,orosewarne@example.org,DB54 1QR,Mordenhall
r0000402,Phoebe,Zouche,phoebe35@example.com,NG68 4XA,Ashford
r0000403,Alice,Carmichael,alice11@example.net,EN28 8FP,Kestrelby
r0000404,Alice,Carmmichael,alice11@example.net,EN28 8FP,Kestrelby
r0000405,Alice,Carmichaael,alice11@example.net,EN28 8FP,
r0000406,Alice,Carimchael,alice11@example.net,UD33 6QZ,Ashford
r0000407,Cornelius,Umberton,cornelius_umberton@example.net,AY96 5GQ,Ashford
r0000408,Zora,Ufford,zora49@example.com,UR92 2AF,Brightwater
r0000409,Zroa,Ufford,Zor4a9@Example.Com,UR92 2AF,Brightwater
r0000410,Zora,Uffrd,zora49@example.com,UR62 2AF,Brightwater
r0000411,Zora,Ufford,Zora49@Example.Com,UR92 4AF,Brightwater
r0000412,Zachary,Elphinstone,zachary_elphinstone@example.net,YD81 2NS,Brightwater
r0000413,Zachary,Elphinstone,zachary_elphinstone@example.net,YD81 2NS,
r0000414,Zachary,Elphinstone,zachary_elphinstone@example.net,JW32 5WN,Kestrelby
r0000415,Rebecca,Verity,rverity@example.net,GS80 7TB,Brightwater
r0000416,Frederick,Stanhope,frederick76@example.net,HY96 1JS,Harrowgate
r0000417,Jasper,Quarrington,jasper.quarrington@example.net,JX49 1HW,Ashford
r0000418,Ximena,Greenhalgh,ximena_greenhalgh@example.org,RX41 2QG,Draysbourne
r0000419,Ximean,Greenhalgh,ximena_greenhalgh@example.org,RX41 2QG,
r0000420,Ximena,Greenhalgh,Ximena_Greenhalgh@Example.Org,RX41 2QG,Draysbourne
r0000421,Wyatt,Nightingale,wnightingale@example.com,AN60 4XW,Langmoor
r0000422,Miriam,Chadwick,miriam_chadwick@example.net,BH84 6DP,Glassmere
r0000423,Miriam,Chadwwick,MIRIAM_CHADWICK@EXAMPLE.NET,BD84 6DP,Glassmere
r0000424,Miriam,Chadwick,Miriam_Chadwick@Example.Net,UP56 7QP,
r0000425,Miiram,Chawdick,miriam_chadwick@example.net,YV47 3NZ,Eastmarch
r0000426,Giles,Nightingale,giles_nightingale@example.com,NR49 7YP,Inverleith
r0000427,Gilse,Nightingale,Giles_Nightnigale@Example.Com,NR49 7YP,Inverleith
r0000428,Giles,Nightingale,giles_nightigale@example.com,TR92 5NP,Kestrelby
r0000429,Giles,Nightingalle,giles_nightingale@example.com,EK39 4DJ,
r0000430,Magnus,Loxley,mloxley@example.org,VP54 3SB,Ashford
r0000431,Magnus,Loxely,Mloxley@Example.Org,VP54 3SB,
r0000432,Maguns,Loxey,MLOXLLEY@EXAMPLE.ORG,VP04 3SB,Ashford
r0000433,Zebedee,Ingram,zebedee97@example.net,YL68 8RD,Pinecross
r0000434,Hattie,Yarborough,hyarborough@example.org,VN59 6ZT,Inverleith
r0000435,Hattie,Yarborouh,HYARBOROUGH@EXAMPLE.ORG,VN59 6ZS,Inverleith
r0000436,Hattie,Yarborough,Hyarorough@Example.Org,VV59 6ZT,Inverleith
r0000437,Magnus,Everleigh,magnus_everleigh@example.com,NK27 6PL,Glassmere
r0000438,Tabitha,Ilchester,tabitha.ilchester@example.org,TC53 1YU,Ashford
r0000439,Emmeline,Mortimer,emortimer@example.com,MS81 5RT,Harrowgate
r0000440,Kirsten,Ollerenshaw,kirsten_ollerenshaw@example.com,DG61 4ST,Oakhaven
r0000441,Mabel,Rosewarne,mabel_rosewarne@example.net,FG93 7JP,Langmoor
r0000442,Clara,Lamperton,clara_lamperton@example.com,PX10 1WX,Inverleith
r0000443,Amelia,Yeardley,amelia_yeardley@example.com,SG24 2HW,Cedarhill
r0000444,Elspeth,Wolstenholme,elspeth.wolstenholme@example.com,JM96 6JJ,Langmoor
r0000445,Elspeth,Woltsenholme,Elspeth.Wolstenholme@Example.Com,JF96 6JJ,Langmoor
r0000446,Ximena,Ivory,ximena.ivory@example.org,XU26 4YP,Northwold
r0000447,Lachlan,Dunmore,lachlan88@example.com,YC48 5FX,Brightwater
r0000448,Laurence,Vexley,laurence.vexley@example.com,JF83 1XP,Northwold
r0000449,Laurence,Vexley,Laurence.Vexley@Example.Com,JF23 1XP,Northwold
r0000450,Yseult,Nightingale,ynightingale@example.net,SJ43 1BW,Draysbourne
r0000451,Gwendolyn,Cholmondeley,gwendolyn67@example.net,EA54 3AD,Eastmarch
r0000452,Peregrine,Wolstenholme,peregrine16@example.com,EX86 2DT,Langmoor
r0000453,Esther,Yarborough,esther73@example.org,NN31 6LD,Oakhaven
r0000454,Evelyn,Yarborough,eyarborough@example.net,DM18 8XY,Oakhaven
r0000455,Evleyn,Yarboough,EYAROROUGH@EXAMPLE.NET,DM18 8XY,Oakhaven
r0000456,Evelyn,Yraborough,eyarborough@example.net,DM18 8XY,
r0000457,Octavia,Pargeter,octavia15@example.com,AA29 1PS,Brightwater
r0000458,Daniel,Ottaway,daniel_ottaway@example.org,WJ44 1QN,Northwold
r0000459,Dominic,Greenhalgh,dominic.greenhalgh@example.org,WW85 5LE,Glassmere
r0000460,Mortimer,Lamperton,mortimer.lamperton@example.com,TX10 5NS,Draysbourne
r0000461,Mrotimer,Lampeton,MORRTIMER.LAMPERTON@EXAMPLE.COM,TX10 5NS,Draysbourne
r0000462,Mortimer,Lamperton,MORTIMER.LAMPERTON@EXAMPLE.COM,TM10 5NS,Draysbourne
r0000463,Mortimer,Lmaperton,Mortimer.Lamperton@Example.Com,TX10 5NS,Draysbourne
r0000464,Catherine,Bramwell,catherine.bramwell@example.com,JW93 8QW,Eastmarch
r0000465,Catehrine,Bramwell,catherine.bramwell@example.com,JW93 8QW,
r0000466,Imogen,Merriweather,imogen.merriweather@example.net,WN30 5AD,Cedarhill
r0000467,Jonathan,Ollerenshaw,jonathan.ollerenshaw@example.net,DJ15 7WA,Glassmere
r0000468,Gideon,Verity,gideon.verity@example.com,DD60 4FW,Harrowgate
r0000469,Gideon,Verity,Gideon.Verity@Example.Com,YK57 6DX,Brightwater
r0000470,Imogen,Pargeter,imogen88@example.net,WG76 5PS,Eastmarch
r0000471,Winifred,Underhill,winifred_underhill@example.org,PR27 5DR,Northwold
r0000472,Oswald,Ziegler,oswald_ziegler@example.org,HB50 6NJ,Kestrelby
r0000473,Matilda,Emberly,memberly@example.net,EP57 7AU,Cedarhill
r0000474,Matilda,Emberly,memberly@example.net,EN57 7AU,
r0000475,Matidla,Emberlly,MEMBERLY@EXAMPLE.NET,EP57 7AU,
r0000476,Victoria,Ravenscroft,victoria.ravenscroft@example.net,EC16 6LN,Fenwick
r0000477,Nicholas,Merriweather,nicholas.merriweather@example.net,TD62 4TL,Northwold
r0000478,Nick,Merriweater,nicholas.merriweather@example.net,TD62 4TL,Northwold
r0000479,Nicholas,Merriweatheer,NICHOLAS.MERRIWEATHER@EXAMPLE.NET,SJ15 7BX,Fenwick
r0000480,Nicholas,Merriweather,NICHOLAS.MERRIWEATHER@EXAMPLE.NET,TD62 4TL,Northwold
r0000481,Orlando,Fotheringay,orlando88@example.com,LH60 6HB,Kestrelby
r0000482,Vincent,Abernathy,vincent4@example.org,CP38 7XF,Northwold
r0000483,Zora,Ashworth,zora51@example.net,GA61 5WY,Kestrelby
r0000484,Verity,Ziegler,verity8@example.com,FL11 5XW,Ashford
r0000485,Amelia,Kenworthy,amelia.kenworthy@example.com,BN12 5AQ,Ashford
r0000486,Patrick,Wilberforce,patrick.wilberforce@example.net,CD10 8NE,Cedarhill
r0000487,Ophelia,Norrington,ophelia64@example.org,PU57 5FW,Eastmarch
r0000488,Lavinia,Goldsworthy,lavinia.goldsworthy@example.com,PV18 8ED,Eastmarch
r0000489,Quentin,Greenhalgh,quentin18@example.net,BK47 5SY,Oakhaven
r0000490,Mabel,Jardine,mabel_jardine@example.com,TJ44 3PW,Inverleith
r0000491,Mortimer,Mowbray,mortimer_mowbray@example.net,TD60 7UZ,Glassmere
r0000492,Percival,Applegarth,percival.applegarth@example.com,CY68 6QJ,Harrowgate
r0000493,Percival,Appplegarth,Percival.Applgearth@Example.Com,CY68 6QJ,Harrowgate
r0000494,Margaret,Norrington,mnorrington@example.com,ET57 4AE,Brightwater
r0000495,Emmeline,Ottaway,emmeline16@example.com,RH25 6BE,Langmoor
r0000496,Emmeline,Ottaway,EMELINE16@EXAMPLE.COM,RH25 6BE,Langmoor
r0000497,Hugo,Somerville,hugo_somerville@example.org,RE23 1DU,Draysbourne
r0000498,Phoebe,Lyttleton,phoebe_lyttleton@example.net,UC37 4LT,Glassmere
r0000499,Pheobe,Lyttleton,Phoebe_Lyttleton@Example.Net,UC37 4LT,Glassmere
r0000500,Dominic,Nunnerley,dominic7@example.org,TL27 6XW,Ashford
r0000501,Dominic,Nunnerley,DOMINIC7@EXAMPLE.ORG,TL27 6XW,Ashford
r0000502,Dominic,Nunenrley,dominic7@example.org,TL27 6XW,Ashford
r0000503,Domniic,Nnunerley,dominic7@example.org,TL27 6XW,Ashford
r0000504,Gwendolyn,Deverell,gwendolyn3@example.org,WX39 5AE,Pinecross
r0000505,Meredith,Lockhart,meredith87@example.org,PU20 5QB,Inverleith
r0000506,Leonard,Rosewarne,leonard.rosewarne@example.net,UA51 1UD,Brightwater
r0000507,Lenoard,Rosewarne,leonaard.rosewarne@example.net,UA51 1UD,Brightwater
r0000508,Leonadr,Roosewarne,Leonrad.Rosewarne@Example.Net,UA51 1UD,Brightwater
r0000509,Leonadr,Rosewarne,leonard.rosewarne@example.net,UA51 1UD,Brightwater
r0000510,Olivia,Ilchester,oilchester@example.org,DR15 5FX,Cedarhill
r0000511,Ignatius,Quarrington,ignatius71@example.net,AY16 5UQ,Mordenhall
r0000512,Ignatius,Quarrington,IGNATIUS71@EXAMPLE.NET,AY16 5UQ,Mordenhall
r0000513,Ignatius,Quarrington,Ignatius71@Example.Net,AY16 5UQ,Mordenhall
r0000514,Ignatius,Quarrington,Ignatius71@Example.Net,AY16 5UQ,
r0000515,Victoria,Deverell,victoria.deverell@example.org,NT18 4RD,Pinecross
r0000516,Zora,Galbraith,zgalbraith@example.net,WM70 7FN,Pinecross
r0000517,Isadora,Harcourt,isadora.harcourt@example.org,TY21 5FG,Eastmarch
r0000518,Gideon,Hepplewhite,gideon.hepplewhite@example.net,NN98 7LN,Pinecross
r0000519,Nathaniel,Padgett,nathaniel_padgett@example.org,EK51 8ZS,Oakhaven
r0000520,Francis,Kettering,francis57@example.net,RH54 7YN,Pinecross
r0000521,Franics,Kettering,francis57@example.net,MG31 1JS,Kestrelby
r0000522,Phoebe,Vanbrugh,phoebe.vanbrugh@example.net,DN93 6GX,Fenwick
r0000523,Pheobe,Vanbrugh,phoebe.vanbrugh@example.net,DN93 6GX,Fenwick
r0000524,Pohebe,Vabnrugh,Phoebe.Vanbrugh@Example.Net,DN93 6GX,Fenwick
r0000525,Nathaniel,Rosewarne,nathaniel54@example.org,JP53 6XT,Glassmere
r0000526,Kirsten,Merriweather,kirsten.merriweather@example.org,BW77 4BF,Draysbourne
r0000527,Jasper,Bramwell,jasper33@example.com,NE51 6GL,Draysbourne
r0000528,Jasper,Brmawell,JASPER33@EXAMPLE.COM,NE51 6GL,Draysbourne
r0000529,Jasepr,Bramwell,Japser33@Example.Com,NE51 6GL,Draysbourne
r0000530,Jasper,Bramwell,Jasper33@Example.Com,NE51 6GL,Draysbourne
r0000531,Felicity,Gillingham,felicity91@example.net,DN49 7SH,Pinecross
r0000532,Percival,Norrington,pnorrington@example.com,KN54 2HG,Inverleith
r0000533,Benjamin,Lyttleton,benjamin_lyttleton@example.org,XF61 4XY,Mordenhall
r0000534,Thaddeus,Ravenscroft,thaddeus.ravenscroft@example.org,LR81 4TL,Ashford
r0000535,William,Danvers,william97@example.net,ET15 3GY,Northwold
r0000536,Will,Danvers,WILLIM97@EXAMPLE.NET,ET15 3GY,Northwold
r0000537,Jasper,Loxley,jasper.loxley@example.org,VC94 7PH,Ashford
r0000538,Laurence,Culpepper,lculpepper@example.net,UP88 8JH,Draysbourne
r0000539,Laurence,Culpepper,Lculppeper@Example.Net,TP88 8JH,Draysbourne
r0000540,Marguerite,Quenington,mquenington@example.net,HX57 2QW,Kestrelby
r0000541,Margeurite,Queinngton,mquenington@example.net,HX57 2QH,Kestrelby
r0000542,Marguerite,Quenington,MQUENINGTON@EXAMPLE.NET,HX57 2QW,Kestrelby
r0000543,Marguerite,Quenington,Mquenington@Example.Net,HX57 2QW,
r0000544,Desmond,Norrington,desmond_norrington@example.org,GA82 7EX,Oakhaven
r0000545,Cornelius,Nightingale,cnightingale@example.net,HF42 6ZF,Eastmarch
r0000546,Cornelius,Nightigale,Cnightingale@Example.Net,DR98 1XF,Ashford
r0000547,Cornelius,Nightingale,CNIGHTINGALE@EXAMPLE.NET,HF42 6ZF,Eastmarch
r0000548,Juniper,Verity,juniper67@example.com,KH98 8YF,Langmoor
r0000549,Hattie,Kingsley,hkingsley@example.org,HJ87 4SR,Mordenhall
r0000550,Hattie,Kingsley,HKINGSLEY@EXAMPLE.ORG,HJ87 4SR,Mordenhall
r0000551,Hattie,Kingsle,HKINGLSEY@EXAMPLE.ORG,HJ87 4SR,Mordenhall
r0000552,Hattie,Kingsley,HKINGSLE@EXAMPLE.ORG,HJ87 4SR,Mordenhall
r0000553,Jasper,Gillingham,jgillingham@example.com,WR54 5NH,Oakhaven
r0000554,Felicity,Fairbanks,felicity_fairbanks@example.org,AW76 2AE,Ashford
r0000555,Ophelia,Fairbanks,ophelia10@example.org,NS76 3SU,Northwold
r0000556,Opehlia,Firbanks,OPHELIA10@EXAMPLE.ORG,HS76 3SU,Northwold
r0000557,Ophelia,Fairbanks,ophelia100@example.org,NS76 5SU,Northwold
r0000558,Opehlia,Fairbanks,ophelia10@example.org,NS76 7SU,
r0000559,Daniel,Hawksmoor,dhawksmoor@example.com,RE86 5HQ,Eastmarch
r0000560,Clara,Marchbanks,clara_marchbanks@example.net,HF63 4QU,Oakhaven
r0000561,Clara,Marcbhanks,clara_marchbanks@example.net,HF63 4QU,Oakhaven
r0000562,Clara,Mrachbanks,Clara_Marcchbanks@Example.Net,HF63 4QU,Oakhaven
r0000563,Clara,Macrhbanks,clara_marchbanks@example.net,UX27 6FD,Mordenhall
r0000564,Theodora,Ponsonby,theodora61@example.com,YB94 6QQ,Eastmarch
r0000565,Thea,Ponsonnby,THEODORA61@EXAMPLE.COM,YB64 6QQ,Eastmarch
r0000566,Edmund,Sedgwick,edmund.sedgwick@example.org,KV32 3EZ,Glassmere
r0000567,Gideon,Wainwright,gwainwright@example.com,XV53 7LA,Pinecross
r0000568,Yolanda,Ormsby,yolanda_ormsby@example.net,JM24 8WT,Mordenhall
r0000569,Bartholomew,Nunnerley,bartholomew.nunnerley@example.com,GX91 4QQ,Glassmere
r0000570,Miriam,Rosewarne,mrosewarne@example.com,UN66 3SU,Ashford
r0000571,Catherine,Jennings,catherine_jennings@example.com,RT50 7LY,Brightwater
r0000572,Cathy,Jennings,cattherine_jennings@example.com,RT50 7LY,Brightwater
r0000573,Cathy,Jennings,Catherine_Jennings@Example.Com,RT50 7LY,Brightwater
r0000574,Beatrix,Wainwright,bwainwright@example.net,LW73 7QX,Harrowgate
r0000575,Lachlan,Ziegler,lachlan.ziegler@example.com,BM36 1UF,Brightwater
r0000576,Valentina,Verity,valentina81@example.net,KY23 1DX,Eastmarch
r0000577,Anneliese,Lamperton,anneliese10@example.com,TH98 4DE,Mordenhall
r0000578,Anneliese,Laamperton,Anneliese10@Example.Com,TH98 4DE,Mordenhall
r0000579,Anneliese,Lamperon,aneliese10@example.com,TH98 4DE,Mordenhall
r0000580,Anneliese,Lampertoon,anneliese10@example.com,TH98 4DE,Mordenhall
r0000581,Lucasta,Netherfield,lucasta_netherfield@example.net,FM95 6BJ,Pinecross
r0000582,Montgomery,Eastleigh,montgomery_eastleigh@example.net,WT48 5JJ,Cedarhill
r0000583,Dorothea,Fairbanks,dorothea95@example.org,WY82 7FY,Langmoor
r0000584,Gideon,Yarborough,gideon.yarborough@example.com,FL86 8AJ,Eastmarch
r0000585,Lucasta,Marchbanks,lucasta96@example.net,VJ44 5PG,Glassmere
r0000586,Lcuasta,Marchbaks,Lcasta96@Example.Net,FV59 2AG,Fenwick
r0000587,Fergus,Ainsworth,fergus_ainsworth@example.com,SM39 7ZF,Brightwater
r0000588,Ferugs,Ainswoth,fergus_ainsworth@example.com,SM39 7ZF,Brightwater
r0000589,Fergus,Aisworth,Fergus_Ainsworth@Example.Com,SM39 7ZF,
r0000590,Archibald,Norbury,archibald.norbury@example.com,UP50 1XR,Oakhaven
r0000591,Nadia,Carmichael,nadia.carmichael@example.net,TF49 1JP,Brightwater
r0000592,Matilda,Sinclair,matilda.sinclair@example.net,PH29 2ZJ,Langmoor
r0000593,Nadia,Zennor,nzennor@example.org,HN41 7EB,Langmoor
r0000594,Gwendolyn,Tremaine,gwendolyn.tremaine@example.net,NF68 1SU,Langmoor
r0000595,Reginald,Kingsley,rkingsley@example.com,BT44 8BN,Inverleith
r0000596,Zora,Harcourt,zora.harcourt@example.com,YM44 8XR,Fenwick
r0000597,Isabel,Donnelly,isabel.donnelly@example.org,PG17 1FA,Langmoor
r0000598,Isabel,Donnelly,Isabel.Donnelly@Example.Org,PG17 1JA,Langmoor
r0000599,Niamh,Loxley,niamh.loxley@example.com,RN17 6JH,Harrowgate
r0000600,Niamh,Loxley,niamh.loxley@example.com,RN17 8JH,Harrowgate
r0000601,Maximilian,Illingworth,maximilian.illingworth@example.net,VF43 5GE,Pinecross
r0000602,Ezekiel,Kenworthy,ekenworthy@example.org,SV36 4ZY,Glassmere
r0000603,Valentina,Donnelly,valentina.donnelly@example.net,DN66 8JQ,Mordenhall
r0000604,Frederick,Mainwaring,frederick41@example.net,JD24 8AS,Mordenhall
r0000605,Cornelius,Goldsworthy,cornelius_goldsworthy@example.org,AF60 7LQ,Eastmarch
r0000606,Cornelius,Goldsworthy,Cornelius_Goldsworthy@Example.Org,AF70 7LQ,
r0000607,Penelope,Braithwaite,penelope_braithwaite@example.net,HC29 1JA,Harrowgate
r0000608,Gwendolyn,Gillingham,ggillingham@example.com,SA86 5AY,Eastmarch
r0000609,Phoebe,Elphinstone,phoebe_elphinstone@example.net,SW74 4GZ,Langmoor
r0000610,Pheobe,Elphintone,PHOEBE_ELPHINSTONE@EXAMPLE.NET,SW74 4GZ,Langmoor
r0000611,Phoebe,Elphinsttone,Phoebe_Elphinstone@Example.Net,SW74 4GZ,Langmoor
r0000612,Phoebe,Elphinstone,PHOEBE_ELPHINSTONE@EXAMPLE.NET,SW74 4GZ,Langmoor
r0000613,Miriam,Osgood,miriam85@example.net,KG10 8JF,Harrowgate
r0000614,Miiram,Osggood,MIRIAM85@EXAMPLE.NET,MX68 2BF,Oakhaven
r0000615,Miriam,Osgood,MIRIAM85@EXAMPLE.NET,KG10 8JF,Harrowgate
r0000616,Eleanor,Goldsworthy,egoldsworthy@example.net,CM24 2ZF,Ashford
r0000617,Horatio,Beaumont,horatio_beaumont@example.org,CC17 8NA,Glassmere
r0000618,Horatio,Beaumon,Horatio_Beaumont@Example.Org,CC17 8NA,Glassmere
r0000619,Hoartio,Beaumonnt,horatio_beaumont@example.org,CC97 8NA,Glassmere
r0000620,Horatio,Beaumont,horatio_beaumont@example.org,CC10 8NA,Glassmere
r0000621,Alistair,Stanhope,alistair58@example.org,XV68 7HA,Northwold
r0000622,Juniper,Chadwick,juniper_chadwick@example.com,PC74 6DA,Langmoor
r0000623,Margaret,Hawksmoor,margaret_hawksmoor@example.com,GV58 4RD,Oakhaven
r0000624,Catherine,Jessop,catherine37@example.org,PW84 8AG,Langmoor
r0000625,Cahterine,Jessop,CATHERINE37@EXAMPLE.ORG,PW84 8AG,Langmoor
r0000626,Catherine,Jsesop,catherine37@example.org,PW84 8AG,
r0000627,Catherine,Jessp,catherine37@example.org,PW84 8AG,Langmoor
r0000628,Victoria,Ashworth,victoria.ashworth@example.com,VK84 4NG,Pinecross
r0000629,Perpetua,Drummond,perpetua_drummond@example.org,NK51 4BP,Pinecross
r0000630,Sylvester,Wolstenholme,sylvester_wolstenholme@example.net,DN26 6TP,Glassmere
r0000631,Alistair,Mowbray,alistair.mowbray@example.org,RL87 1AF,Mordenhall
r0000632,Seraphina,Wolstenholme,swolstenholme@example.com,EY61 1AA,Oakhaven
r0000633,Seraphina,Wolstenholme,swolstenholme@example.com,HY27 4LL,Pinecross
r0000634,Amelia,Ollerenshaw,amelia53@example.net,DE97 7AX,Glassmere
r0000635,Ulysses,Lamperton,ulysses_lamperton@example.org,TN22 6BN,Ashford
r0000636,Beatrix,Donnelly,beatrix55@example.org,PL72 8GS,Fenwick
r0000637,Miriam,Kirkbride,miriam.kirkbride@example.org,CW52 8XZ,Kestrelby
r0000638,Nicholas,Ivory,nicholas_ivory@example.net,WK11 5PB,Cedarhill
r0000639,Maximilian,Wetherby,maximilian27@example.net,MM65 3PD,Harrowgate
r0000640,Maximilian,Wetherby,MAXIMILIAN27@EXAMPLE.NET,ME65 3PD,Harrowgate
r0000641,Rebecca,Ilchester,rebecca.ilchester@example.org,UA95 8BW,Draysbourne
r0000642,Rebecca,Ilcheter,Rebecca.Ilchster@Example.Org,SK42 6UT,Kestrelby
r0000643,Gwendolyn,Zennor,gwendolyn_zennor@example.org,SG62 4YA,Oakhaven
r0000644,Olivia,Farquharson,ofarquharson@example.com,HG70 2PQ,Fenwick
r0000645,Augustine,Ingram,augustine15@example.com,CX91 3FJ,Cedarhill
r0000646,Vincent,Wilberforce,vwilberforce@example.com,DY42 7PP,Pinecross
r0000647,Benjamin,Hawksmoor,bhawksmoor@example.net,ET37 1NX,Eastmarch
r0000648,Marcus,Stanhope,mstanhope@example.com,ME75 8YA,Northwold
r0000649,Marcus,Stanhope,Mstanhope@Example.Com,ME75 8YA,
r0000650,Marcus,Stanhope,Mtanhope@Example.Com,ME75 8YA,
r0000651,Laurence,Lamperton,laurence_lamperton@example.net,SC58 6BH,Mordenhall
r0000652,Lauernce,Lampeton,laurence_lamperton@example.net,SC58 6BH,Mordenhall
r0000653,Ignatius,Wetherby,ignatius.wetherby@example.net,AG50 3LJ,Inverleith
r0000654,Valentina,Beaumont,vbeaumont@example.org,EA72 1GP,Northwold
r0000655,Jasper,Zennor,jzennor@example.com,GR35 2EJ,Pinecross
r0000656,Lachlan,Alderton,lachlan98@example.com,VP33 5AN,Pinecross
r0000657,Augustine,Loxley,augustine.loxley@example.net,RC91 8XX,Pinecross
r0000658,Augustine,Lxley,AUGUSTINE.LOXLEY@EXAMPLE.NET,YV70 3SY,
r0000659,Auugstine,Lolxey,Augustine.Loxley@Example.Net,RC91 8XX,Pinecross
r0000660,Theodora,Braithwaite,theodora.braithwaite@example.com,FF70 4WW,Eastmarch
r0000661,Theodora,Braithwaite,THEODORA.BRAITHWAITE@EXAMPLE.COM,FF70 4WW,Eastmarch
r0000662,Grace,Balfour,gbalfour@example.org,UB78 6JY,Mordenhall
r0000663,Mabel,Kingscote,mabel.kingscote@example.net,XB17 6DB,Mordenhall
r0000664,Esther,Thorncroft,ethorncroft@example.net,NX28 5QA,Eastmarch
r0000665,Emmeline,Mainwaring,emmeline46@example.com,TK81 4RX,Ashford
r0000666,Emmeline,Mainwaring,EMMELINE46@EXAMPLE.COM,TK81 4RX,Ashford
r0000667,Emmeline,Mainwaring,emmeline46@example.com,TK81 4RX,
r0000668,Emmeilne,Mainwaring,EMMELINE46@EXAMPLE.COM,TK81 4RX,Ashford
r0000669,Nadia,Farquharson,nadia.farquharson@example.net,LY87 6NS,Glassmere
r0000670,Julius,Illingworth,julius55@example.org,BP70 3BY,Draysbourne
r0000671,Montgomery,Kingscote,montgomery_kingscote@example.org,UM77 2ER,Langmoor
r0000672,Montgomery,Kignscote,MONTGOMERY_KINGSCOT@EXAMPLE.ORG,UM77 2ER,Langmoor
r0000673,Montgomery,Kingscote,MONTGOMERY_KINGSCOTE@EXAMPLE.ORG,UM77 2ER,Langmoor
r0000674,Montgomery,Kingsscote,MONTGOMERY_KIGNSCOTE@EXAMPLE.ORG,UM67 2ER,Langmoor
r0000675,Barnaby,Tattersall,barnaby_tattersall@example.net,WF53 4GZ,Inverleith
r0000676,Desmond,Netherfield,dnetherfield@example.net,HS16 5PT,Langmoor
r0000677,Winifred,Gillingham,winifred40@example.net,VM83 8XY,Oakhaven
r0000678,Winifred,Gillinghham,WINIFRED40@EXAMPLE.NET,MM83 8XY,Oakhaven
r0000679,Oswald,Yarborough,oswald_yarborough@example.org,CX25 2EW,Mordenhall
r0000680,Rosalind,Culpepper,rosalind55@example.net,MW76 7NX,Cedarhill
r0000681,Vincent,Wetherby,vincent.wetherby@example.com,GH19 5SZ,Fenwick
r0000682,Alistair,Greenhalgh,alistair_greenhalgh@example.org,CX19 4GD,Pinecross
r0000683,Isadora,Kenworthy,isadora.kenworthy@example.net,DS26 5LJ,Inverleith
r0000684,Percival,Donnelly,pdonnelly@example.net,GX72 6LD,Fenwick
r0000685,Grace,Merriweather,grace69@example.com,RU41 4LF,Harrowgate
r0000686,Verity,Zephyrus,verity_zephyrus@example.org,BN97 2XX,Harrowgate
r0000687,Tabitha,Zouche,tabitha10@example.net,AP62 4XR,Ashford
r0000688,Ximena,Tremaine,xtremaine@example.com,KK85 3NG,Harrowgate
r0000689,Ximena,Tremainne,xtremaine@example.com,KB85 3NG,Harrowgate
r0000690,Imogen,Carmichael,imogen.carmichael@example.com,LP31 4YT,Eastmarch
r0000691,Alice,Yelverton,alice.yelverton@example.net,YM46 8LS,Glassmere
r0000692,Miriam,Ivory,mivory@example.net,YF96 2XP,Northwold
r0000693,Miriam,Ivoy,Mivory@Example.Net,YF96 2XP,Northwold
r0000694,Miiram,Ivory,MIVORY@EXAMPLE.NET,YF96 2XP,Northwold
r0000695,Perpetua,Ilchester,perpetua_ilchester@example.org,TL20 6WU,Inverleith
r0000696,Perpeuta,Ilchestre,PERPETUA_ILCHESTER@EXAMPLE.ORG,TL20 6WU,Inverleith
r0000697,Yseult,Wainwright,yseult69@example.net,UX70 1TR,Inverleith
r0000698,Zora,Rutherglen,zora.rutherglen@example.net,NN90 4RE,Langmoor
r0000699,Isabel,Norbury,inorbury@example.com,NX70 4TH,Brightwater
r0000700,Daniel,Jessop,daniel_jessop@example.com,CV47 6QY,Fenwick
r0000701,Peregrine,Ponsonby,peregrine_ponsonby@example.com,MA12 6AQ,Harrowgate
r0000702,Wilhelmina,Ufford,wilhelmina.ufford@example.net,EP12 6XY,Brightwater
r0000703,Zachary,Abernathy,zachary_abernathy@example.org,UM42 8LZ,Pinecross
r0000704,Zora,Norrington,zora30@example.com,VN83 8PH,Cedarhill
r0000705,Zachary,Pemberton,zachary_pemberton@example.com,NA87 4DX,Inverleith
r0000706,Rebecca,Tremaine,rtremaine@example.org,RX68 4FY,Mordenhall
r0000707,Matilda,Merriweather,matilda80@example.com,ST61 7HA,Eastmarch
r0000708,Matilda,Merriweather,matilda80@example.com,ST61 7HL,Eastmarch
r0000709,Matilda,Merriweather,matilda80@example.com,ST61 7HA,
r0000710,Matilda,Merriweather,MATILDA80@EXAMPLE.COM,NF42 8HQ,Ashford
r0000711,Jonathan,Norrington,jonathan_norrington@example.net,PA69 7XE,Ashford
r0000712,Jonathan,Nrorington,jonathan_norrington@example.net,PA69 7XE,Ashford
r0000713,Jno,Norrington,Jonathan_Norrington@Example.Net,TA69 7XE,
r0000714,Jno,Nrorington,JONATHAN_NORRINGTON@EXAMPLE.NET,PA69 7XE,
r0000715,Vincent,Farquharson,vincent.farquharson@example.com,UH87 3YE,Northwold
r0000716,Sylvester,Ottaway,sylvester_ottaway@example.org,PM74 3JJ,Fenwick
r0000717,Maximilian,Verity,mverity@example.com,VH97 3NH,Draysbourne
r0000718,Maximilian,Veritty,Mverity@Example.Com,WA88 5XB,Inverleith
r0000719,Maximilian,Verity,Mverity@Example.Com,VH97 3NH,Draysbourne
r0000720,Nicholas,Oakhurst,nicholas_oakhurst@example.com,PA21 5LD,Pinecross
r0000721,Jerome,Cholmondeley,jerome27@example.net,CB54 1PT,Northwold
r0000722,Mabel,Illingworth,mabel.illingworth@example.org,MD81 2ER,Oakhaven
r0000723,Mbael,Illnigworth,mabel.illingworth@example.org,MD81 2ER,Oakhaven
r0000724,Evelyn,Fotheringay,evelyn_fotheringay@example.com,KK12 6FS,Fenwick
r0000725,Evelyn,Fotheringay,evelyn_fotheringya@example.com,KK12 6FS,Fenwick
r0000726,Ignatius,Farquharson,ignatius.farquharson@example.com,AX63 7JU,Glassmere
r0000727,Clementine,Thorncroft,clementine_thorncroft@example.org,PH11 4UW,Mordenhall
r0000728,Clementine,Quillon,cquillon@example.net,JD39 7SA,Harrowgate
r0000729,Clementine,Quilloon,cquillon@example.net,JD39 7SA,Harrowgate
r0000730,Clementine,Quuillon,Cquillon@Example.Net,JD39 7HA,Harrowgate
r0000731,Thaddeus,Kenworthy,thaddeus93@example.net,WY42 5LF,Mordenhall
r0000732,Victoria,Umberton,vumberton@example.net,WX30 2NE,Inverleith
r0000733,Josephine,Kingsley,josephine33@example.org,EN95 7BH,Pinecross
r0000734,Josephine,Kingsley,joosephine33@example.org,KM77 8ZU,Kestrelby
r0000735,Josephine,Kingsley,JOSEPHINE33@EXAMPLE.ORG,EN95 7BH,
r0000736,Ulysses,Yeardley,ulysses26@example.com,EE53 2WB,Fenwick
r0000737,Lachlan,Ravenscroft,lachlan.ravenscroft@example.org,TW55 7YL,Glassmere
r0000738,Rowena,Kingscote,rowena.kingscote@example.net,WM73 2SW,Langmoor
r0000739,William,Ellsworth,william76@example.org,EG68 1SH,Northwold
r0000740,Will,Ellsworth,william76@example.org,EG68 2SH,Northwold
r0000741,Meredith,Culpepper,mculpepper@example.org,KK50 4YY,Fenwick
r0000742,Horatio,Thackeray,horatio23@example.org,MP79 4DT,Pinecross
r0000743,Catherine,Marchbanks,cmarchbanks@example.net,JY56 8GS,Pinecross
r0000744,William,Tattersall,william_tattersall@example.com,ER83 5UT,Fenwick
r0000745,William,Tattersall,William_Tattersall@Example.Com,ER83 5UT,Fenwick
r0000746,William,Tattresall,William_Tattersall@Example.Com,YL45 4YW,Brightwater
r0000747,William,Tatterssall,William_Tattersall@Example.Com,ER83 5UT,
r0000748,Zebedee,Lamperton,zebedee.lamperton@example.net,GW94 6UB,Fenwick
r0000749,Nadia,Goldsworthy,ngoldsworthy@example.com,DC33 5HD,Draysbourne
r0000750,Niamh,Hawksmoor,niamh.hawksmoor@example.org,PM70 3ED,Oakhaven
r0000751,Wilhelmina,Cholmondeley,wilhelmina34@example.com,DN86 6GB,Pinecross
r0000752,Ingrid,Deverell,ingrid.deverell@example.com,YG24 5SS,Northwold
r0000753,Thaddeus,Fenchurch,thaddeus.fenchurch@example.org,SJ48 7EF,Fenwick
r0000754,Eleanor,Merriweather,eleanor_merriweather@example.com,EY87 1BL,Harrowgate
r0000755,Eleanor,Merrwieather,Eleano_Merriweather@Example.Com,EY87 1BL,Harrowgate
r0000756,Eelanor,Merriweather,eleanor_merriweatheer@example.com,EY80 1BL,Harrowgate
r0000757,Elenaor,Merriweather,Eleanor_Merriweather@Example.Com,EY87 1BL,Harrowgate
r0000758,Patrick,Wolstenholme,patrick.wolstenholme@example.net,DG13 6DH,Langmoor
r0000759,Pat,Woltsenholme,Patrick.Wolstenholme@Example.Net,DG13 6CH,Langmoor
r0000760,Patrick,Wolstenhole,Patrick.Wolstenholme@Example.Net,DG13 6DH,Langmoor
r0000761,Verity,Quillon,vquillon@example.com,WD48 4PU,Pinecross
r0000762,Mabel,Zephyrus,mzephyrus@example.com,WC21 8NZ,Langmoor
r0000763,Rosalind,Jocelyn,rosalind44@example.com,GW67 5JH,Kestrelby
r0000764,Rosalnid,Jcelyn,rosalind44@example.com,GW67 4JH,
r0000765,Rosalind,Jocelyn,Rosalind44@Example.Com,GW67 5JH,Kestrelby
r0000766,Zachary,Standish,zachary26@example.com,CX15 6JP,Kestrelby
r0000767,Mabel,Ormsby,mabel3@example.com,CT91 7TA,Oakhaven
r0000768,Esther,Jessop,esther57@example.org,DX96 2AY,Northwold
r0000769,Desmond,Merriweather,desmond_merriweather@example.org,YR31 7GD,Eastmarch
r0000770,Desmodn,Merriweahter,desmond_merriweather@example.org,YR31 4GD,Eastmarch
r0000771,Desmond,Merrwieather,Desmond_Merriweather@Example.Org,YF31 7GD,Eastmarch
r0000772,Desmond,Merriweatehr,desmond_merriwetaher@example.org,YR31 7GD,Eastmarch
r0000773,Tamsin,Jardine,tamsin18@example.org,CR51 2EJ,Fenwick
r0000774,Tamsin,Ollerenshaw,tollerenshaw@example.org,AY39 5SS,Fenwick
r0000775,Tmasin,Ollerenshaw,Tollerenshaw@Example.Org,AY39 5SS,Fenwick
r0000776,Tmasin,Ollerenshaw,tollerenshaw@example.org,AY39 5SS,Fenwick
r0000777,Tamsin,Ollerenshaw,Tollerenshaw@Example.Org,AY39 5SS,Fenwick
r0000778,Zebedee,Applegarth,zebedee7@example.org,RV70 2YN,Kestrelby
r0000779,Anneliese,Donnelly,anneliese_donnelly@example.org,SM71 3YB,Glassmere
r0000780,Anneilese,Doonnelly,anneliese_donnelly@example.org,SM71 3YB,Glassmere
r0000781,Sylvester,Yarborough,syarborough@example.org,KY19 5NT,Mordenhall
r0000782,Sylvester,Yarbborough,SYARBOROUGH@EXAMPLE.ORG,KY19 5NT,Mordenhall
r0000783,Slyvester,Yarborough,SYARBOROUGH@EXAMPLE.ORG,KY19 5NT,Mordenhall
r0000784,Sylvester,Yarborough,SYARBOROUGH@EXAMPLE.ORG,KY19 5NT,Mordenhall
r0000785,Evelyn,Yardley,eyardley@example.org,AR85 5HD,Pinecross
r0000786,Winifred,Thackeray,winifred60@example.com,AT58 5TF,Kestrelby
r0000787,Perpetua,Radcliffe,perpetua_radcliffe@example.net,TU64 6WZ,Brightwater
r0000788,Perpetua,Radcliffe,perpetua_radcliffe@example.net,FY81 6RR,Inverleith
r0000789,Ingrid,Quimby,ingrid76@example.net,DF11 7PL,Kestrelby
r0000790,Wilhelmina,Greenhalgh,wilhelmina.greenhalgh@example.com,KK70 5BE,Harrowgate
r0000791,Wilhelmina,Greenhalgh,Wilhelmina.Greenhalgh@Example.Com,KC70 5BE,
r0000792,Wilhelmina,Greenhalgh,WILHELMINA.GREENHALGH@EXAMPLE.COM,KK70 5BE,Harrowgate
r0000793,Peregrine,Netherfield,peregrine.netherfield@example.net,KY16 6BR,Oakhaven
r0000794,Meredith,Danvers,meredith_danvers@example.net,DT92 6YN,Brightwater
r0000795,Anneliese,Zennor,anneliese54@example.com,FF57 5NZ,Northwold
r0000796,Frederick,Farquharson,frederick_farquharson@example.net,NC13 4YQ,Draysbourne
r0000797,Lavinia,Quimby,lavinia58@example.com,KY49 2QU,Eastmarch
r0000798,Genevieve,Culpepper,genevieve.culpepper@example.org,ME83 5DX,Brightwater
r0000799,Imogen,Abernathy,imogen38@example.net,TC71 1RT,Langmoor
r0000800,Harold,Yardley,harold12@example.org,JS47 8XD,Fenwick
r0000801,Verity,Trelawney,vtrelawney@example.net,NE66 6NT,Kestrelby
r0000802,Verity,Trelawney,vtrelwaney@example.net,NE66 6NT,Kestrelby
r0000803,Julius,Ottaway,julius.ottaway@example.net,TC41 3LA,Ashford
r0000804,Ingrid,Padgett,ingrid83@example.com,SK84 4PA,Pinecross
r0000805,Ingrid,Zennor,ingrid.zennor@example.org,CF16 8BY,Mordenhall
r0000806,Theodora,Beaumont,theodora.beaumont@example.com,RR86 2AA,Cedarhill
r0000807,Katherine,Danvers,katherine10@example.org,MN29 1DF,Draysbourne
r0000808,Emmeline,Jessop,ejessop@example.net,XA64 4BE,Pinecross
r0000809,Gwendolyn,Quarrington,gwendolyn.quarrington@example.com,VC55 1QL,Pinecross
r0000810,Penelope,Yeardley,penelope.yeardley@example.org,YW92 1WR,Ashford
r0000811,Octavia,Haverford,octavia.haverford@example.org,TW13 3EN,Inverleith
r0000812,Mabel,Nunnerley,mabel.nunnerley@example.com,KG88 4LT,Mordenhall
r0000813,Mabel,Nunnerley,MABEL.NUNNERLEY@EXAMPLE.COM,KG88 4LT,Mordenhall
r0000814,Peregrine,Mainwaring,peregrine_mainwaring@example.org,AA49 7PD,Eastmarch
r0000815,Grace,Illingworth,grace_illingworth@example.net,FB39 7RL,Harrowgate
r0000816,Hattie,Quillon,hattie56@example.org,FJ30 2HD,Glassmere
r0000817,Hattei,Quillon,hattie56@example.org,SE74 6PS,Cedarhill
r0000818,Hattie,Qiullon,hattie56@example.org,UJ30 2HD,Glassmere
r0000819,Leonard,Wetherby,lwetherby@example.net,VU49 6SZ,Draysbourne
r0000820,Seraphina,Everleigh,seraphina.everleigh@example.org,AS40 2ZA,Northwold
r0000821,Juniper,Farquharson,juniper72@example.net,YW25 5QH,Glassmere
r0000822,Jasper,Eastleigh,jasper77@example.com,CY28 1LB,Brightwater
r0000823,Benjamin,Goldsworthy,benjamin12@example.com,NW11 4PG,Inverleith
r0000824,Benjamin,Goldsworhy,Benjamin12@Example.Com,NW11 4PG,Inverleith
r0000825,Adelaide,Ivory,adelaide.ivory@example.org,NV21 8GY,Harrowgate
r0000826,Dominic,Farquharson,dfarquharson@example.org,KY76 3UT,Brightwater
r0000827,Percival,Ellsworth,percival_ellsworth@example.com,RX68 2DN,Draysbourne
r0000828,Kirsten,Beaumont,kirsten.beaumont@example.net,PN20 5TW,Eastmarch
r0000829,Catherine,Pemberton,catherine_pemberton@example.com,JG94 2PG,Oakhaven
r0000830,Patrick,Ullathorne,pullathorne@example.com,MY62 2JH,Mordenhall
r0000831,Sylvester,Hawksmoor,sylvester_hawksmoor@example.net,DH36 8HJ,Kestrelby
r0000832,Samuel,Prescott,samuel_prescott@example.net,FL45 2GL,Pinecross
r0000833,Catherine,Sedgwick,csedgwick@example.com,AV53 3FZ,Cedarhill
r0000834,Ursula,Ravenscroft,ursula_ravenscroft@example.org,LA59 5BJ,Mordenhall
r0000835,Usrula,Ravescroft,URSULA_RAVENSCROFT@EXAMPLE.ORG,SK65 5WY,Cedarhill
r0000836,Penelope,Quarrington,penelope70@example.com,BR25 2FW,Glassmere
r0000837,Margaret,Illingworth,margaret_illingworth@example.org,CC47 6DJ,Brightwater
r0000838,Margaret,Illingworth,MARGARET_ILLINGWORTH@EXAMPLE.ORG,CC47 6DJ,Brightwater
r0000839,Maggie,Illingworth,margaret_illingworth@example.org,CC47 6DJ,Brightwater
r0000840,Griselda,Netherfield,griselda1@example.net,KE22 1NP,Kestrelby
r0000841,Evelyn,Standish,evelyn_standish@example.org,SG38 4QJ,Langmoor
r0000842,Leonard,Jocelyn,leonard_jocelyn@example.org,UF17 7YH,Fenwick
r0000843,Fergus,Yelverton,fyelverton@example.com,MG75 3QL,Harrowgate
r0000844,Isabel,Fitzwilliam,ifitzwilliam@example.com,XV13 1FP,Oakhaven
r0000845,Verity,Kettering,verity_kettering@example.org,EB58 1ZD,Ashford
r0000846,Penelope,Fairbanks,penelope94@example.com,DJ84 4LF,Pinecross
r0000847,Pneelope,Fairabnks,Penelope94@Example.Com,DJ84 4LE,Pinecross
r0000848,Penelope,Fairbanks,Penelope94@Example.Com,DJ84 4LF,Pinecross
r0000849,Penelope,Fairbank,penelope94@example.com,DJ84 4LF,Pinecross
r0000850,Emmeline,Nightingale,emmeline.nightingale@example.net,RW30 3AU,Draysbourne
r0000851,Percival,Chadwick,percival_chadwick@example.org,RS15 6XN,Inverleith
r0000852,Gwendolyn,Inchbald,gwendolyn72@example.net,LC31 8GN,Harrowgate
r0000853,Gwendolyn,Inchbald,Gwendolyn72@Example.Net,LC31 8JN,Harrowgate
r0000854,Gwendolyn,Inchbald,Gwendolyn72@Example.Net,LC31 8GN,Harrowgate
r0000855,Gwendolyn,Inchbld,gwendolyn72@example.net,GR51 6PL,Brightwater
r0000856,Meredith,Vanbrugh,meredith53@example.org,TM92 4WJ,Cedarhill
r0000857,Felicity,Uppingham,felicity_uppingham@example.com,PS67 6HD,Inverleith
r0000858,Felicity,Uppingam,FLICITY_UPPINGHAM@EXAMPLE.COM,PS67 6HD,
r0000859,Feliicty,Uppingham,felicity_uppigham@example.com,PS67 6CD,Inverleith
r0000860,Felicity,Uppingham,FELICCITY_UPPINGHAM@EXAMPLE.COM,PS67 6HD,Inverleith
r0000861,Lavinia,Fotheringay,lavinia_fotheringay@example.net,GC86 1GU,Oakhaven
r0000862,Lavniia,Fotheeringay,lainia_fotheringay@example.net,GC86 1GU,Oakhaven
r0000863,Laviina,Fotheringay,lavinia_fotheringay@example.net,GC86 1GU,
r0000864,Ingrid,Vexley,ivexley@example.net,UH28 4DF,Langmoor
r0000865,Reginald,Standish,reginald56@example.com,LP68 4LS,Northwold
r0000866,Reginald,Standish,REGINALD56@EXAMPLE.COM,LP68 4LS,Northwold
r0000867,Reginald,Standish,REGINALD56@EXAMPLE.COM,LP68 4LS,Northwold
r0000868,Regniald,Standish,Reginald56@Example.Com,LP68 4LS,Northwold
r0000869,Desmond,Lyttleton,desmond10@example.net,UX89 6PY,Mordenhall
r0000870,Beatrix,Tattersall,btattersall@example.net,FV88 4TF,Cedarhill
r0000871,William,Mowbray,wmowbray@example.net,UN25 5FT,Ashford
r0000872,Wliliam,Mowbrray,WMOWBRAY@EXAMPLE.NET,UN25 5FT,Ashford
r0000873,Wlil,Mowbray,wmowbray@example.net,UN25 5FT,Ashford
r0000874,Isadora,Bramwell,isadora76@example.com,KW44 8EZ,Brightwater
r0000875,Penelope,Yardley,penelope_yardley@example.com,KG14 5AU,Glassmere
r0000876,Genevieve,Ivory,genevieve_ivory@example.org,GP19 2JX,Fenwick
r0000877,Josephine,Ponsonby,josephine.ponsonby@example.com,KB47 7LP,Harrowgate
r0000878,Alice,Norrington,anorrington@example.com,LM42 7NZ,Langmoor
r0000879,Alice,Norrington,Anoorrington@Example.Com,LM42 7NZ,Langmoor
r0000880,Alice,Norrington,Anorrington@Example.Com,LM42 7NZ,Langmoor
r0000881,Ophelia,Ormsby,ophelia_ormsby@example.com,HL92 1JD,Ashford
r0000882,Ophelia,Ormsby,ophelia_ormsby@example.com,HL92 1JD,
r0000883,Ohpelia,Ormbsy,ophhelia_ormsby@example.com,HL92 1JJ,Ashford
r0000884,Ohpelia,Ormbsy,ophelia_ormsby@example.com,HL92 1JD,Ashford
r0000885,Augustine,Nunnerley,anunnerley@example.org,TV79 8AJ,Mordenhall
r0000886,Maximilian,Ingram,maximilian40@example.net,NW79 7DT,Eastmarch
r0000887,Valentina,Galbraith,vgalbraith@example.net,BD95 7AW,Langmoor
r0000888,Valentina,Glbraith,vgalbraith@example.net,BD95 7AW,Langmoor
r0000889,Sylvester,Zouche,sylvester82@example.com,ES96 6XX,Pinecross
r0000890,Peregrine,Carmichael,peregrine_carmichael@example.com,EC90 4ZH,Glassmere
r0000891,Marguerite,Mortimer,marguerite_mortimer@example.org,SR50 5NN,Langmoor
r0000892,Daniel,Pemberton,dpemberton@example.org,DF64 7JP,Mordenhall
r0000893,Winifred,Norbury,winifred.norbury@example.org,RP96 5HJ,Kestrelby
r0000894,Winifred,Norbury,WINIFRED.NORBURY@EXAMPLE.ORG,RP96 5HJ,Kestrelby
r0000895,Winfired,Norbruy,Winifred.Norbury@Example.Org,RP95 5HJ,Kestrelby
r0000896,Amelia,Wolstenholme,amelia_wolstenholme@example.com,DK78 3YY,Mordenhall
r0000897,Dominic,Chadwick,dominic.chadwick@example.com,EV12 1DB,Northwold
r0000898,Archibald,Underhill,archibald83@example.org,JN54 3XA,Ashford
r0000899,Genevieve,Illingworth,gillingworth@example.com,RS15 4FU,Northwold
r0000900,Genevieve,Ingram,genevieve_ingram@example.org,DV94 3ZQ,Langmoor
r0000901,Beatrix,Standish,beatrix3@example.org,UH48 5AZ,Inverleith
r0000902,Anneliese,Stanhope,anneliese.stanhope@example.org,RC56 7JU,Ashford
r0000903,Octavia,Ormsby,oormsby@example.com,UE85 3DN,Oakhaven
r0000904,Wilhelmina,Zephyrus,wilhelmina_zephyrus@example.org,DS38 4PS,Glassmere
r0000905,Wilhelmina,Zephyrus,WILHELMINA_ZEPHYRUS@EXAMPLE.ORG,XA62 5GZ,Pinecross
r0000906,Wilhelmian,Zepphyrus,WILHELMINA_ZEPHYRUS@EXAMPLE.ORG,DS38 4PS,Glassmere
r0000907,Wilhelmina,Zephyrus,Wilhelmina_Zephyrus@Example.Org,DS38 4PS,
r0000908,Frederick,Sinclair,frederick44@example.net,DP69 7ZS,Glassmere
r0000909,Yseult,Fitzwilliam,yseult.fitzwilliam@example.org,SL16 6WE,Inverleith
r0000910,Meredith,Ainsworth,mainsworth@example.org,RC65 4DE,Oakhaven
r0000911,Ingrid,Ivory,ingrid_ivory@example.org,UM85 2FD,Inverleith
r0000912,Lysander,Kingsley,lysander_kingsley@example.com,XJ42 8BU,Draysbourne
r0000913,Lysander,Kingsley,lysander_kingsley@example.com,XJ42 8BU,
r0000914,Lysadner,Kingsley,Lysander_Kingsley@Example.Com,XJ42 8BU,Draysbourne
r0000915,Lyasnder,Kingsleyy,LYSANDER_KINGSLEY@EXAMPLE.COM,FT46 1DJ,Mordenhall
r0000916,Felicity,Cholmondeley,felicity.cholmondeley@example.com,VU77 3TB,Brightwater
r0000917,Felicity,Chlmondeley,Felicity.Choolmondeley@Example.Com,VU77 3TB,
r0000918,Felicity,Cholmondeley,FELICITY.CHOLMONDELEY@EXAMPLE.COM,VU57 3TB,Brightwater
r0000919,Felicity,Cholmondeley,FELICITY.CHOLMONDELEY@EXAMPLE.COM,VU77 3TB,Brightwater
r0000920,Hattie,Underhill,hattie60@example.net,CD56 1PX,Inverleith
r0000921,Honoria,Donnelly,honoria_donnelly@example.org,WG27 7XP,Glassmere
r0000922,Perpetua,Voysey,perpetua.voysey@example.org,DC28 4YA,Glassmere
r0000923,Perpetua,Voysy,PERPETUA.VOYSEY@EXAMPLE.ORG,DC28 4YA,
r0000924,Perpetua,Voyesy,perpetua.voysey@example.org,DC28 4YA,Glassmere
r0000925,Lavinia,Nunnerley,lavinia_nunnerley@example.com,KC73 3EG,Oakhaven
r0000926,Lachlan,Danvers,ldanvers@example.com,PU13 4NT,Kestrelby
r0000927,Esther,Everleigh,esther_everleigh@example.net,EW16 6NP,Cedarhill
r0000928,Esthre,Everleihg,Esther_Everleigh@Example.Net,EW16 6NP,Cedarhill
r0000929,Esther,Everleigh,esther_everleigh@example.net,EW16 6NP,
r0000930,Fergus,Trelawney,ftrelawney@example.net,MD29 6HG,Eastmarch
r0000931,Ferugs,Trelwney,ftrelawney@example.net,MD29 6HG,Eastmarch
r0000932,Fergus,Trelawwney,Ftrelawney@Example.Net,MD29 6HG,Eastmarch
r0000933,Desmond,Dunmore,desmond.dunmore@example.net,XR15 1BT,Eastmarch
r0000934,Mortimer,Dunmore,mortimer86@example.net,GK35 4LH,Mordenhall
r0000935,Mortmier,Dunmore,MORTIMER86@EXAMPLE.NET,GK35 4LH,Mordenhall
r0000936,Mortimer,Dunmore,Mortimer86@Example.Net,GK35 4LH,Mordenhall
r0000937,Mortimer,Dunmore,MOTRIMER86@EXAMPLE.NET,GK35 4LH,Mordenhall
r0000938,Harold,Osgood,hosgood@example.org,AV14 1SS,Fenwick
r0000939,Josephine,Ufford,jufford@example.net,WY93 4SG,Brightwater
r0000940,Josephine,Uford,Jufford@Example.Net,WY93 4SG,
r0000941,Josephine,Ufford,JUFFORD@EXAMPLE.NET,WY73 4SG,Brightwater
r0000942,Josephine,Uffrd,jufford@example.net,WY93 4SG,Brightwater
r0000943,Nathaniel,Hollingsworth,nathaniel61@example.com,JX37 1ZN,Northwold
r0000944,Yolanda,Loxley,yolanda.loxley@example.com,HG48 5QL,Eastmarch
r0000945,Theodora,Applegarth,tapplegarth@example.com,WA47 3UR,Harrowgate
r0000946,Ophelia,Norbury,ophelia.norbury@example.org,ER39 3FX,Northwold
r0000947,Sebastian,Danvers,sdanvers@example.org,RX53 8PG,Eastmarch
r0000948,Daniel,Grimshaw,daniel40@example.org,AM79 4RE,Northwold
r0000949,Lucasta,Loxley,lucasta_loxley@example.net,XA91 3DF,Mordenhall
r0000950,Nicholas,Gillingham,ngillingham@example.net,FP53 4NF,Draysbourne
r0000951,Leonard,Verity,leonard_verity@example.com,PD95 1XA,Mordenhall
r0000952,Seraphina,Donnelly,seraphina_donnelly@example.com,YR63 3QS,Fenwick
r0000953,Benjamin,Yarborough,benjamin.yarborough@example.net,NJ67 6NT,Kestrelby
r0000954,Tabitha,Donnelly,tabitha.donnelly@example.com,SX56 5AL,Langmoor
r0000955,Genevieve,Kingsley,genevieve.kingsley@example.com,DC70 4SW,Inverleith
r0000956,Genevieve,Kingsley,Geneviev.Kingsley@Example.Com,HC70 4SW,Inverleith
r0000957,Delphine,Oakhurst,doakhurst@example.org,PK68 4DH,Inverleith
r0000958,Juniper,Kingscote,juniper.kingscote@example.org,XM57 8DD,Glassmere
r0000959,Juniper,Kingscote,juniper.kingcsote@example.org,XM57 8DD,Glassmere
r0000960,Juniper,Kingscote,juniper.kingscote@example.org,XM57 1DD,
r0000961,Amelia,Pargeter,apargeter@example.net,US32 8HP,Pinecross
r0000962,Amelia,Paregter,apargeter@example.net,VS32 8HP,Pinecross
r0000963,Octavia,Rutherglen,octavia_rutherglen@example.net,SP19 1AX,Ashford
r0000964,Perpetua,Cavendish,perpetua_cavendish@example.net,ND93 3HF,Glassmere
r0000965,Perpetau,Cavendish,perpetua_cavendish@example.net,ND93 3HF,Glassmere
r0000966,Perpetua,Cavendish,PERPETUA_CAVENDISH@EXAMPLE.NET,ND93 3HF,Glassmere
r0000967,Perpetua,Cavendish,perpetua_cavendish@example.net,GR29 4XY,Kestrelby
r0000968,Valentina,Greenhalgh,valentina_greenhalgh@example.net,HV96 6AJ,Langmoor
r0000969,Ezekiel,Tattersall,ezekiel37@example.org,FV13 1YU,Inverleith
r0000970,Giles,Yardley,giles11@example.net,RH34 1XE,Oakhaven
r0000971,Magnus,Donnelly,magnus17@example.org,MX49 5TS,Ashford
r0000972,Mangus,Donnelly,Magnus17@Example.Org,PW80 8WL,Pinecross
r0000973,Magnus,Donnelly,MAGNUS17@EXAMPLE.ORG,MX49 5TS,Ashford
r0000974,Magnus,Donnelly,MAGNUS17@EXAMPLE.ORG,MX49 5TS,
r0000975,Victoria,Oakhurst,victoria37@example.net,VT33 8DZ,Cedarhill
r0000976,Victoria,Okhurst,vicoria37@example.net,VC33 8DZ,Cedarhill
r0000977,Elspeth,Voysey,elspeth_voysey@example.com,HT35 7JR,Fenwick
r0000978,Fergus,Osgood,fergus_osgood@example.net,NT13 3SH,Pinecross
r0000979,Gideon,Vanbrugh,gideon_vanbrugh@example.org,DV40 2TS,Eastmarch
r0000980,Grace,Somerville,gsomerville@example.org,LU14 4ZG,Brightwater
r0000981,Cordelia,Quarrington,cquarrington@example.org,YD38 7YR,Inverleith
r0000982,Emmeline,Elphinstone,eelphinstone@example.com,VC28 7ZN,Oakhaven
r0000983,Valentina,Kingscote,valentina57@example.com,MX93 4DE,Northwold
r0000984,Valentina,Kingscote,valentina57@example.com,WX93 4DE,Northwold
r0000985,Clementine,Fotheringay,clementine_fotheringay@example.com,UJ78 3JN,Kestrelby
r0000986,Jerome,Netherfield,jerome.netherfield@example.net,RJ36 5WR,Ashford
r0000987,Laurence,Wetherby,lwetherby@example.net,XV49 6LT,Brightwater
r0000988,Sylvester,Deverell,sdeverell@example.net,BW32 8UQ,Inverleith
r0000989,Sylvestre,Deverelll,sdeverell@example.net,BW32 8UQ,Inverleith
r0000990,Sylvester,Deverell,SDEVERELL@EXAMPLE.NET,BW32 8UQ,Inverleith
r0000991,Sylvester,Deverll,sdeverell@example.net,UW32 8UQ,Inverleith
r0000992,Marguerite,Langridge,marguerite_langridge@example.net,XL50 8WZ,Northwold
r0000993,Quentin,Yarborough,qyarborough@example.com,DD26 4FN,Fenwick
r0000994,Quentin,Yarboroug,Qyarborough@Example.Com,DD26 4FN,Fenwick
r0000995,Quenitn,Yarborough,qyarborough@example.com,DD26 4FE,Fenwick
r0000996,William,Alderton,william_alderton@example.net,NX11 5RL,Langmoor
r0000997,Clementine,Kettering,ckettering@example.org,XF36 7TB,Inverleith
r0000998,Clemetnine,Ketterng,Ckettering@Example.Org,XF36 7TB,Inverleith
r0000999,Clementine,Kettering,ckettering@example.org,XF56 7TB,Inverleith
r0001000,Leonard,Sedgwick,leonard17@example.org,RD27 4AY,Northwold
r0001001,Giles,Balfour,giles.balfour@example.net,BM91 7NS,Inverleith
r0001002,Thaddeus,Marchbanks,thaddeus.marchbanks@example.net,KV87 5FZ,Inverleith
r0001003,Alistair,Pemberton,alistair.pemberton@example.org,DA80 1NH,Mordenhall
r0001004,Alistair,Pebmerton,ALSITAIR.PEMBERTON@EXAMPLE.ORG,DA80 1NH,Mordenhall
r0001005,Perpetua,Emberly,pemberly@example.net,KU58 1XW,Northwold
r0001006,Perpetua,Emberly,pembrly@example.net,KU58 1XW,Northwold
r0001007,Perpetua,Emberly,PEMBERLY@EXAMPLE.NET,KU58 1XW,Northwold
r0001008,Perpetua,Embrely,PEBMERLY@EXAMPLE.NET,KU58 1XW,Northwold
r0001009,Tabitha,Culpepper,tculpepper@example.net,AE80 8NY,Inverleith
r0001010,Samuel,Everleigh,samuel14@example.com,WS68 5QP,Mordenhall
r0001011,Sylvester,Hepplewhite,sylvester_hepplewhite@example.com,WU56 2HX,Eastmarch
r0001012,Winifred,Oakhurst,woakhurst@example.org,TB17 1YH,Langmoor
r0001013,Zebedee,Goldsworthy,zgoldsworthy@example.org,BU77 1AN,Inverleith
r0001014,Juniper,Lockhart,jlockhart@example.com,DX21 8SD,Oakhaven
r0001015,Juniper,Lockhatr,jlockhart@example.com,DX41 8SD,Oakhaven
r0001016,Juniper,Locckhart,JLOCKHART@EXAMPLE.COM,DX21 8SD,Oakhaven
r0001017,Tamsin,Elphinstone,tamsin.elphinstone@example.com,GH26 2BF,Mordenhall
r0001018,Bartholomew,Kettering,bartholomew.kettering@example.com,GJ59 1QS,Pinecross
r0001019,Bartholomew,Ketttering,Bartholomew.eKttering@Example.Com,GJ59 1QS,Pinecross
r0001020,Seraphina,Ellsworth,seraphina80@example.org,BC30 7RP,Draysbourne
r0001021,Katherine,Thackeray,katherine56@example.org,ES23 2SZ,Pinecross
r0001022,Harold,Farquharson,harold96@example.org,YA41 5PR,Brightwater
r0001023,Dominic,Standish,dominic_standish@example.net,XV54 6EY,Glassmere
r0001024,Catherine,Ellsworth,catherine_ellsworth@example.com,BD72 6XA,Oakhaven
r0001025,Patrick,Gillingham,patrick_gillingham@example.net,GR95 3ZN,Glassmere
r0001026,Nathaniel,Rutherglen,nathaniel.rutherglen@example.org,LB60 8YF,Oakhaven
r0001027,Nathaniel,Ivory,nathaniel24@example.net,XX34 5ET,Glassmere
r0001028,Ophelia,Dunmore,odunmore@example.com,WN18 3BB,Brightwater
r0001029,Ophelia,Dunmore,ODUNMORE@EXAMPLE.COM,WN18 3BB,Brightwater
r0001030,Mabel,Balfour,mbalfour@example.net,JJ80 6FP,Pinecross
r0001031,Edmund,Standish,edmund57@example.org,SY92 8QQ,Inverleith
r0001032,Ezekiel,Norrington,enorrington@example.org,XG41 7JT,Ashford
r0001033,Ezekiel,Norrington,ENORRINGTON@EXAMPLE.ORG,XG41 7JT,Ashford
r0001034,Thaddeus,Cavendish,tcavendish@example.net,NJ19 6PE,Kestrelby
r0001035,Matilda,Underhill,matilda.underhill@example.net,NS23 5XR,Pinecross
r0001036,Catherine,Zennor,czennor@example.com,JN93 8GZ,Northwold
r0001037,Cathernie,Zennor,Czennor@Example.Com,JN93 8GZ,Northwold
r0001038,Cathy,Zennro,czenonr@example.com,NB66 1SP,Brightwater
r0001039,Alistair,Yelverton,ayelverton@example.com,AH52 3BE,Pinecross
r0001040,Katherine,Quarrington,kquarrington@example.org,HB97 2HB,Glassmere
r0001041,Kaet,Quarrngton,kquarrington@example.org,HB97 2HB,Glassmere
r0001042,Marcus,Quarrington,marcus.quarrington@example.net,DY41 4RY,Brightwater
r0001043,Marcus,Quarrington,Mracus.Quarrington@Example.Net,DY41 4RM,Brightwater
r0001044,Zachary,Cholmondeley,zachary41@example.com,PD82 2FU,Glassmere
r0001045,Miriam,Yelverton,miriam.yelverton@example.com,AE82 8FD,Mordenhall
r0001046,Miriam,Yeelverton,Miriam.Yelverton@Example.Com,FC35 2YG,Oakhaven
r0001047,Miriam,Yelvrton,Miriam.Yelverton@Example.Com,HF67 2XZ,Kestrelby
r0001048,Miriam,Yelvertno,miriam.yelverton@example.com,AE82 8FD,
r0001049,Julius,Ufford,julius_ufford@example.net,SR12 2GH,Mordenhall
r0001050,Victoria,Tattersall,vtattersall@example.org,WR85 4HF,Eastmarch
r0001051,Fergus,Mowbray,fmowbray@example.com,FU63 3TG,Ashford
r0001052,Rebecca,Rutherglen,rebecca.rutherglen@example.net,MC30 1WF,Northwold
r0001053,Mortimer,Inchbald,mortimer_inchbald@example.net,EV95 4DL,Pinecross
r0001054,Maximilian,Lyttleton,maximilian33@example.com,KF42 8NY,Kestrelby
r0001055,Winifred,Netherfield,winifred74@example.org,XV13 1UF,Langmoor
r0001056,Harold,Elphinstone,harold.elphinstone@example.com,KL93 5ZE,Harrowgate
r0001057,Delphine,Mowbray,delphine_mowbray@example.net,JC98 7QZ,Northwold
r0001058,Nathaniel,Underhill,nunderhill@example.com,EP49 4LY,Northwold
r0001059,Nate,Unedrhill,nunderhill@example.com,UA83 8SX,Harrowgate
r0001060,Nate,Underhiill,nunderhill@example.com,EP49 4LY,Northwold
r0001061,Ntae,Underhill,nunderhill@example.com,MX42 7ET,
r0001062,Adelaide,Dunmore,adelaide_dunmore@example.com,RE80 1AG,Mordenhall
r0001063,Adelaied,Dunmore,adelaide_dunmore@example.com,RY80 1AG,
r0001064,Adleaide,Dunmore,adelaide_dunmore@example.com,RE80 1AG,Mordenhall
r0001065,Yseult,Quillon,yseult_quillon@example.org,PT17 7ZG,Inverleith
r0001066,Augustine,Thorncroft,augustine.thorncroft@example.com,PC53 2PZ,Northwold
r0001067,Imogen,Fotheringay,imogen_fotheringay@example.org,HB17 4DS,Fenwick
r0001068,Zebedee,Wolstenholme,zebedee_wolstenholme@example.net,TD94 3AQ,Ashford
r0001069,Zebedee,Wolstenholme,Zebedee_Wolstenholme@Example.Net,TD74 3AQ,Ashford
r0001070,Zebedee,Wolstenholme,ZEBEDEE_WOLSTENHOLME@EXAMPLE.NET,TD94 3AQ,Ashford
r0001071,Zebedee,Wolstenhlome,Zebedee__Wolstenholme@Example.Net,TD94 3AQ,Ashford
r0001072,Nadia,Cavendish,nadia_cavendish@example.com,PY87 2HS,Brightwater
r0001073,Theodora,Prescott,theodora_prescott@example.org,JX24 8AT,Ashford
r0001074,Eleanor,Fairbanks,eleanor.fairbanks@example.net,WV24 5TT,Glassmere
r0001075,Eleanor,Fairbannks,Eleanor.Fairbanks@Example.Net,WV24 5TT,Glassmere
r0001076,Lysander,Rackham,lysander.rackham@example.org,NY26 3LT,Oakhaven
r0001077,Montgomery,Inchbald,montgomery.inchbald@example.net,JY92 2AR,Inverleith
r0001078,Sebastian,Kingsley,skingsley@example.net,DM26 2JQ,Mordenhall
r0001079,Anneliese,Verity,anneliese.verity@example.org,ET28 6ES,Mordenhall
r0001080,Ignatius,Quillon,ignatius93@example.org,FS70 6BH,Brightwater
r0001081,Giles,Alderton,galderton@example.com,FW78 3GW,Draysbourne
r0001082,Leonard,Standish,lstandish@example.net,ST49 5EY,Harrowgate
r0001083,Esther,Kingsley,ekingsley@example.org,VH43 1PW,Eastmarch
r0001084,Etsher,Kingsley,Ekingsley@Example.Org,VH43 1PW,Eastmarch
r0001085,Esther,Knigsley,EKINGSLEY@EXAMPLE.ORG,VH48 1PW,Eastmarch
r0001086,Bartholomew,Pargeter,bpargeter@example.net,TE16 5HG,Mordenhall
r0001087,Barhtolomew,Pargeter,bpargeter@example.net,TE16 5HG,Mordenhall
r0001088,Marguerite,Farquharson,mfarquharson@example.com,BL21 3EY,Brightwater
r0001089,Katherine,Kenworthy,kkenworthy@example.com,NN75 8ZH,Harrowgate
r0001090,Octavia,Yelverton,octavia_yelverton@example.net,AT89 6TS,Oakhaven
r0001091,Yseult,Jocelyn,yseult_jocelyn@example.net,PP53 5UX,Eastmarch
r0001092,Yseult,Jocelyn,YSEULT_JOCELYN@EXAMPLE.NET,PP53 5UX,Eastmarch
r0001093,Yseult,Joeclyn,YSEULT_JOCELYN@EXAMPLE.NET,PP53 5UX,Eastmarch
r0001094,Ignatius,Zennor,izennor@example.com,JS34 7AF,Pinecross
r0001095,Thaddeus,Trelawney,thaddeus.trelawney@example.org,PN77 5XF,Oakhaven
r0001096,Ezekiel,Ainsworth,ezekiel.ainsworth@example.org,DY61 3ZZ,Mordenhall
r0001097,Dominic,Donnelly,dominic.donnelly@example.com,NJ83 7PD,Mordenhall
r0001098,Juniper,Harcourt,juniper.harcourt@example.com,SE79 5DT,Cedarhill
r0001099,Juniper,Harcourt,Juniper.Harcourt@Example.Com,SE79 5DT,Cedarhill
r0001100,Junipre,Harrcourt,Juniper.Harcourt@Example.Com,SE69 5DT,Cedarhill
r0001101,Matilda,Cavendish,matilda.cavendish@example.com,SK19 5HR,Harrowgate
r0001102,Peregrine,Loxley,peregrine.loxley@example.net,FN32 4AA,Oakhaven
r0001103,Peregrine,Lxoley,peregrine.loxley@example.net,CM75 5GX,Fenwick
r0001104,Peregrine,Loxely,peregrine.loxley@example.net,DY83 5WQ,Mordenhall
r0001105,Marguerite,Ziegler,marguerite.ziegler@example.org,SF96 1EL,Brightwater
r0001106,Delphine,Ponsonby,delphine75@example.com,GG68 1DA,Draysbourne
r0001107,Delphine,Ponsonby,Delphine75@Example.Com,GG68 1DA,Draysbourne
r0001108,Deplhine,Pnsonby,DELPHINE75@EXAMPLE.COM,GG68 1DA,Draysbourne
r0001109,Delphine,Ponsonbby,delphine75@example.com,GG68 1DA,Draysbourne
r0001110,Eleanor,Netherfield,eleanor_netherfield@example.net,PL60 2FQ,Ashford
r0001111,Genevieve,Tremaine,genevieve_tremaine@example.net,BW36 5HN,Draysbourne
r0001112,Genevieve,Tremaine,Genevieve_Treaine@Example.Net,BW36 5HN,Draysbourne
r0001113,Genevieve,Tremaine,genevieve_tremaaine@example.net,DN65 6YU,
r0001114,Genevivee,Tremaine,genevieve_tremaine@example.net,BW36 5HN,Draysbourne
r0001115,Sebastian,Hollingsworth,sebastian90@example.org,MH81 4XN,Langmoor
r0001116,Gideon,Bramwell,gideon.bramwell@example.net,XV32 1ES,Kestrelby
r0001117,Jonathan,Tattersall,jonathan96@example.com,SR37 5BZ,Langmoor
r0001118,Jon,Tattersall,JONATHAN96@EXAMPLE.COM,SR37 5BZ,
r0001119,Victoria,Underhill,victoria68@example.net,MX90 4EB,Inverleith
r0001120,Montgomery,Fotheringay,montgomery_fotheringay@example.com,WE83 1UB,Northwold
r0001121,Montogmery,Fotheringa,monttgomery_fotheringay@example.com,WE83 1UB,Northwold
r0001122,Montgomery,Fotherringay,montgomery__fotheringay@example.com,WE83 1UB,Northwold
r0001123,Miriam,Goldsworthy,miriam.goldsworthy@example.org,SH77 3LE,Eastmarch
r0001124,Giles,Illingworth,giles57@example.net,CP74 1JW,Eastmarch
r0001125,Giels,Illingworrth,GILES57@EXAMPLE.NET,CP74 1JW,
r0001126,Giles,Illingworth,GILES57@EXAMPLE.NET,CP74 1JW,Eastmarch
r0001127,Giles,Illingworth,GILES57@EXAMPLE.NET,CP74 1JW,Eastmarch
r0001128,Bartholomew,Hollingsworth,bartholomew.hollingsworth@example.com,WD76 2RN,Ashford
r0001129,Barhtolomew,Hollingsworth,bartholomew.hollingsworth@example.com,LR31 7GH,Pinecross
r0001130,Bartholomwe,Hollingsworth,BARTHOLOMEW.HOLLINGSWORTH@EXAMPLE.COM,WD06 2RN,Ashford
r0001131,Theodora,Culpepper,theodora9@example.net,UT69 1ZY,Fenwick
r0001132,Theodora,Culppepper,THEODORA9@EXAMPLE.NET,FT69 1ZY,Fenwick
r0001133,Grace,Blackwood,gblackwood@example.org,LC54 8GP,Glassmere
r0001134,Wilhelmina,Applegarth,wilhelmina_applegarth@example.com,FX92 6WS,Ashford
r0001135,Wilhelmina,Applegarth,WILHELMINA_APPLEGARTH@EXAMPLE.COM,BX89 5YQ,Inverleith
r0001136,Ursula,Hepplewhite,ursula.hepplewhite@example.com,ML35 5TQ,Ashford
r0001137,Elspeth,Pargeter,elspeth_pargeter@example.org,XY61 7BX,Fenwick
r0001138,Elspeth,Zephyrus,ezephyrus@example.com,MU65 5DX,Kestrelby
r0001139,Elspeth,Zephyrus,Ezephyrus@Example.Com,MU67 5DX,Kestrelby
r0001140,Elspeth,Zephyrrus,ezephyrus@example.com,MU65 5DX,Kestrelby
r0001141,Elpseth,Zephhyrus,Ezephyrus@Example.Com,MU25 5DX,Kestrelby
r0001142,Marcus,Cavendish,marcus.cavendish@example.com,PN33 6RU,Cedarhill
r0001143,Marcus,Caevndish,MARCUS.CAVENDISH@EXAMPLE.COM,PN33 6RU,Cedarhill
r0001144,Elspeth,Alderton,elspeth.alderton@example.net,AR72 7YD,Northwold
r0001145,Elsepth,Alderton,elspeth.alderton@example.net,AR72 7YD,Northwold
r0001146,Elspeth,Aldertoon,ELSPETH.ALDERTON@EXAMPLE.NET,HM26 3FH,Oakhaven
r0001147,Ulysses,Hawksmoor,ulysses.hawksmoor@example.org,MF73 6BF,Northwold
r0001148,Penelope,Marchbanks,penelope.marchbanks@example.net,CU45 5TS,Mordenhall
r0001149,Penleope,Marchbanks,PENELOPE.MARCHBANKS@EXAMPLE.NET,YJ33 5RR,Draysbourne
r0001150,Jerome,Donnelly,jerome.donnelly@example.net,XN18 6BT,Northwold
r0001151,Harold,Grimshaw,harold89@example.com,RY71 8UR,Ashford
r0001152,Delphine,Loxley,delphine_loxley@example.com,ER69 1UZ,Mordenhall
r0001153,Theodora,Kettering,theodora.kettering@example.net,EK54 1AF,Langmoor
r0001154,Imogen,Ilchester,imogen7@example.org,PK37 6LH,Glassmere
r0001155,Xanthe,Fairbanks,xfairbanks@example.org,JB78 4TS,Langmoor
r0001156,Margaret,Carmichael,margaret26@example.net,VD66 6WR,Langmoor
r0001157,Margaret,Carmicheal,margaret26@example.net,VD66 6WR,Langmoor
r0001158,Theodora,Zennor,theodora_zennor@example.org,YG26 6TT,Kestrelby
r0001159,Penelope,Gillingham,pgillingham@example.net,AX29 7ZT,Fenwick
r0001160,Percival,Fotheringay,pfotheringay@example.com,HE14 2SP,Oakhaven
r0001161,Desmond,Wetherby,desmond94@example.net,BN39 2XY,Cedarhill
r0001162,Desmond,Wetehrby,Desmond94@Example.Net,BN39 2XY,
r0001163,Desmond,Wteherby,desmond94@example.net,EJ43 1BG,
r0001164,Desmond,Wetherby,desmnod94@example.net,BN39 2XY,Cedarhill
r0001165,Barnaby,Gillingham,barnaby_gillingham@example.com,CX96 1JY,Fenwick
r0001166,Rosalind,Norbury,rnorbury@example.net,SC78 6WH,Kestrelby
r0001167,Daniel,Quarrington,daniel_quarrington@example.net,EF53 8HW,Brightwater
r0001168,Daneil,Quarrington,daniell_quarrington@example.net,DF53 8HW,Brightwater
r0001169,Danile,Quarrington,DANIEL_QUARRINGTON@EXAMPLE.NET,EF53 8UW,Brightwater
r0001170,Clementine,Ivory,clementine_ivory@example.org,BW15 5FU,Draysbourne
r0001171,Clementine,Ivory,clementine_ivory@example.org,UP17 3US,Ashford
r0001172,Clementine,Ivor,Celmentine_Ivory@Example.Org,BW15 5FU,Draysbourne
r0001173,Percival,Quimby,pquimby@example.com,RK54 5DF,Brightwater
r0001174,Phoebe,Ingram,phoebe42@example.com,YW82 6AN,Brightwater
r0001175,Ximena,Applegarth,ximena86@example.net,CL32 7LP,Pinecross
r0001176,Alice,Ashworth,alice14@example.com,KY91 2BW,Langmoor
r0001177,Alice,Ashworth,Alcie14@Example.Com,KY91 2BW,Langmoor
r0001178,Alice,Ashworth,Alice144@Example.Com,KY91 2BW,Langmoor
r0001179,Alice,Ashworth,ALICE14@EXAMPLE.COM,KY91 2BW,
r0001180,Katherine,Applegarth,katherine.applegarth@example.net,EM74 8RL,Inverleith
r0001181,Lucasta,Quillon,lucasta.quillon@example.com,UD72 4TU,Kestrelby
r0001182,Montgomery,Galbraith,montgomery_galbraith@example.com,UP17 3ZH,Cedarhill
r0001183,Winifred,Mowbray,winifred32@example.com,RX95 2EH,Oakhaven
r0001184,Wniifred,Moowbray,WIINIFRED32@EXAMPLE.COM,RX95 2EH,Oakhaven
r0001185,Winifred,Mowbray,Winifred32@Example.Com,RX95 2EH,Oakhaven
r0001186,Winifred,Mowbrayy,winifred32@example.com,RX95 2EH,Oakhaven
r0001187,Montgomery,Standish,montgomery_standish@example.net,UT29 7RG,Mordenhall
r0001188,Phoebe,Mortimer,pmortimer@example.com,PF38 7FJ,Draysbourne
r0001189,Peregrine,Balfour,peregrine_balfour@example.net,WF72 8GS,Cedarhill
r0001190,Honoria,Ainsworth,hainsworth@example.org,DN43 1XQ,Mordenhall
r0001191,Honoria,Ainsworth,HAINSWORTH@EXAMPLE.ORG,DN43 1XQ,Mordenhall
r0001192,Hoonria,Ainsworth,HAINSWORTH@EXAMPLE.ORG,DN43 1XQ,Mordenhall
r0001193,Horatio,Culpepper,horatio.culpepper@example.org,BL36 6TZ,Glassmere
r0001194,Peregrine,Lamperton,peregrine77@example.org,FS55 3UU,Brightwater
r0001195,Peregrine,Lamperton,Peregrine77@Example.Org,PE87 8SS,Cedarhill
r0001196,Peregrien,Lamperton,peregrine77@example.org,FS75 3UU,Brightwater
r0001197,Cordelia,Tremaine,cordelia.tremaine@example.org,GP21 2LG,Glassmere
r0001198,Codrelia,Tremain,cordelia.tremaine@example.org,GP21 2LG,Glassmere
r0001199,Cordelia,Tremaine,cordelia.tremaine@example.org,GE21 2LG,Glassmere
r0001200,Cordelia,Tremanie,cordelia.tremaine@example.org,GP21 2LG,Glassmere
r0001201,Lavinia,Cholmondeley,lavinia.cholmondeley@example.org,YN76 2BX,Glassmere
r0001202,Nathaniel,Mainwaring,nathaniel.mainwaring@example.com,HB18 3UD,Oakhaven
r0001203,Olivia,Quarrington,oquarrington@example.net,JM97 3ZS,Ashford
r0001204,Patrick,Galbraith,patrick.galbraith@example.net,EK44 1WW,Fenwick
r0001205,Evelyn,Trelawney,evelyn.trelawney@example.org,PX45 4GS,Inverleith
r0001206,Jonathan,Ziegler,jonathan61@example.net,WT34 6XG,Harrowgate
r0001207,Jonathan,Ziegller,Jonathan61@Example.Net,WT34 6XG,Harrowgate
r0001208,Jonathna,Zieglr,Jonathan61@Example.Net,PX93 7YH,Cedarhill
r0001209,Meredith,Wolstenholme,meredith_wolstenholme@example.net,LH60 3HX,Cedarhill
r0001210,Hugo,Braithwaite,hugo94@example.com,UD92 6JZ,Draysbourne
r0001211,Hugo,Braithwaite,hguo94@example.com,UD22 6JZ,Draysbourne
r0001212,Vincent,Standish,vstandish@example.net,HC30 1DG,Eastmarch
r0001213,Wilhelmina,Pemberton,wilhelmina_pemberton@example.com,DJ17 2FH,Inverleith
r0001214,Wilehlmina,Pemberton,wilhelmina_pemberton@example.com,FV64 7ZN,
r0001215,Wilhelmina,Pemberton,WILHELMINA_PEMBERTON@EXAMPLE.COM,DJ17 2FH,
r0001216,Wilhemlina,Pemberton,wilhelmina_pemberton@example.com,SK24 1ZN,Brightwater
r0001217,Yseult,Merriweather,ymerriweather@example.com,WS32 4PR,Glassmere
r0001218,Yesult,Merriweather,YMERRIWEATHER@EXAMPLE.COM,WS32 4PR,Glassmere
r0001219,Yseult,Merriweather,YMERRIWEATHER@EXAMPLE.COM,WS32 4PR,Glassmere
r0001220,Thaddeus,Emberly,thaddeus_emberly@example.org,EA74 5NB,Langmoor
r0001221,Julius,Voysey,jvoysey@example.net,UV84 1UR,Mordenhall
r0001222,Bartholomew,Fotheringay,bartholomew.fotheringay@example.com,KR29 6ZP,Pinecross
r0001223,Nadia,Uppingham,nadia48@example.org,BJ62 1WB,Cedarhill
r0001224,Phoebe,Fitzwilliam,phoebe_fitzwilliam@example.net,UU92 1LH,Oakhaven
r0001225,Phoebe,Fitzwliliam,phoebe_fitzwilliam@example.net,UU92 1LH,Oakhaven
r0001226,Harold,Kingsley,hkingsley@example.org,TU12 8AR,Ashford
r0001227,Imogen,Donnelly,imogen62@example.com,JU88 1SG,Langmoor
r0001228,Imogen,Donneelly,imogen62@example.com,JU88 1SG,
r0001229,Imogen,Donnelly,IMOGEN62@EXAMPLE.COM,JU88 1SG,Langmoor
r0001230,Imogen,Donnelly,imogen62@example.com,LU20 7TR,Glassmere
r0001231,Rupert,Lockhart,rupert.lockhart@example.com,NM52 3XX,Northwold
r0001232,Rupert,Lockhart,rupert.lochkart@example.com,NM52 3XX,Northwold
r0001233,Rupetr,Lockhaart,RUPERT.LOCKHART@EXAMPLE.COM,NM52 3NX,Northwold
r0001234,Rupret,Lockhart,rupert.lockhart@example.com,NM52 3XX,Northwold
r0001235,Ulysses,Ingram,ulysses9@example.org,CH63 4PW,Oakhaven
r0001236,Ulysses,Ingram,ulysses9@example.org,CH68 4PW,Oakhaven
r0001237,Catherine,Hollingsworth,chollingsworth@example.org,LL20 5XP,Inverleith
r0001238,Catherine,Hollingsworth,chollngsworth@example.org,TW76 4BR,Draysbourne
r0001239,Catherine,Hllingsworth,CHOLLINGSWORTH@EXAMPLE.ORG,LL20 5XP,Inverleith
r0001240,Perpetua,Yardley,pyardley@example.net,DM15 4FZ,Fenwick
r0001241,Ignatius,Voysey,ignatius11@example.org,CR52 7BG,Glassmere
r0001242,Honoria,Umberton,honoria_umberton@example.net,MJ40 5NH,Pinecross
r0001243,Yolanda,Kingscote,ykingscote@example.com,PN25 8YR,Fenwick
r0001244,Perpetua,Braithwaite,perpetua.braithwaite@example.org,DU67 2ET,Pinecross
r0001245,Sylvester,Wetherby,sylvester_wetherby@example.com,EL46 1WQ,Brightwater
r0001246,Clementine,Ingram,cingram@example.org,MU55 7NQ,Brightwater
r0001247,Augustine,Ormsby,augustine_ormsby@example.org,MA98 8GR,Brightwater
r0001248,Gwendolyn,Rackham,gwendolyn_rackham@example.org,XU16 3LT,Cedarhill
r0001249,Quentin,Marchbanks,quentin.marchbanks@example.net,AF96 1HP,Glassmere
r0001250,Qeuntin,Marchbanks,Quentin.Marchbanks@Example.Net,AF96 0HP,Glassmere
r0001251,Ignatius,Yelverton,ignatius.yelverton@example.com,SK79 7RB,Inverleith
r0001252,William,Hawksmoor,william24@example.com,RC60 4PS,Draysbourne
r0001253,William,Hawksoor,william24@example.com,AE30 5NH,Eastmarch
r0001254,Zachary,Ashworth,zachary_ashworth@example.com,RP16 1AX,Ashford
r0001255,Ximena,Braithwaite,ximena61@example.com,NK69 6AH,Eastmarch
r0001256,Ezekiel,Deverell,ezekiel_deverell@example.com,NU43 3YU,Fenwick
r0001257,Ezekiel,Deverell,Ezekie_lDeverell@Example.Com,MU56 1NJ,
r0001258,Ezekiel,Deverel,EZEKIEL_DEVERELL@EXAMPLE.COM,NU43 3YU,Fenwick
r0001259,Anneliese,Trelawney,anneliese_trelawney@example.com,JR61 7BG,Glassmere
r0001260,Annelisee,Trelawnye,Anneliese_Trelaney@Example.Com,JR61 7BG,Glassmere
r0001261,Anenliese,Trelawney,anneliese_trelawney@example.com,JR61 7BG,Glassmere
r0001262,Yolanda,Ufford,yolanda_ufford@example.com,EJ12 5NY,Pinecross
r0001263,Dorothea,Kenworthy,dkenworthy@example.com,CD41 4WL,Oakhaven
r0001264,Francis,Ravenscroft,francis.ravenscroft@example.com,TN76 2ND,Draysbourne
r0001265,Harold,Yelverton,harold_yelverton@example.net,UW64 6BA,Northwold
r0001266,Cornelius,Illingworth,cornelius_illingworth@example.net,WX81 4TE,Mordenhall
r0001267,Yolanda,Wilberforce,yolanda_wilberforce@example.net,PE55 7EX,Fenwick
r0001268,Yolanda,Wilberforce,YLANDA_WILBERFORCE@EXAMPLE.NET,PE55 7EX,Fenwick
r0001269,Lysander,Beaumont,lysander.beaumont@example.com,LV66 5HU,Cedarhill
r0001270,Fergus,Goldsworthy,fergus_goldsworthy@example.net,XA33 1WT,Fenwick
r0001271,Fergus,Gooldsworthy,FERGUS_GOLDSWORTHY@EXAMPLE.NET,JA33 1WT,Fenwick
r0001272,Bartholomew,Underhill,bartholomew_underhill@example.com,RA27 5TA,Kestrelby
r0001273,Bartholomew,Underhill,Bartholomew_Underhill@Example.Com,RA27 5TA,Kestrelby
r0001274,Bartholomew,Underhill,BATRHOLOMEW_UNDERHILL@EXAMPLE.COM,RA27 5TA,Kestrelby
r0001275,Ulysses,Merriweather,ulysses57@example.com,GU49 4GA,Fenwick
r0001276,Maximilian,Cholmondeley,maximilian.cholmondeley@example.net,NG92 2TU,Draysbourne
r0001277,Matilda,Rutherglen,matilda.rutherglen@example.net,XX15 2FB,Pinecross
r0001278,Clara,Ellsworth,clara_ellsworth@example.org,UE91 3NH,Northwold
r0001279,Maximilian,Vexley,mvexley@example.com,TY48 1GE,Langmoor
r0001280,Maximilian,Vexleyy,Mvexley@Example.Com,TY48 1GE,Langmoor
r0001281,Maximilian,Vexly,MVXLEY@EXAMPLE.COM,EG14 6TL,Cedarhill
r0001282,Maximilina,Vexley,mvexley@example.com,TY48 1GE,Langmoor
r0001283,Ulysses,Nightingale,ulysses.nightingale@example.org,XA33 1RR,Inverleith
r0001284,Lucasta,Yarborough,lucasta_yarborough@example.net,JA74 5PU,Harrowgate
r0001285,Imogen,Stanhope,imogen.stanhope@example.org,PS22 6AP,Pinecross
r0001286,Imogen,Stanhope,Imogen.Stanhope@Example.Org,PS22 6AP,Pinecross
r0001287,Imgoen,Stanhope,IMOGEN.STANHOPE@EXAMPLE.ORG,CL88 7NW,Inverleith
r0001288,Ignatius,Lockhart,ilockhart@example.org,KD31 6YA,Draysbourne
r0001289,Anneliese,Langridge,anneliese40@example.com,JL11 1LS,Draysbourne
r0001290,Horatio,Cavendish,horatio.cavendish@example.com,BP63 5TL,Harrowgate
r0001291,Horatio,Ponsonby,hponsonby@example.com,DF65 6UF,Harrowgate
r0001292,Julius,Tremaine,julius34@example.com,HA79 5JN,Glassmere
r0001293,Julius,Tremaine,Julius34@Example.Com,HA79 5JN,
r0001294,Julius,Tremaine,Julius34@Example.Com,LA79 5JN,Glassmere
r0001295,Desmond,Braithwaite,desmond.braithwaite@example.net,BF81 5LB,Cedarhill
r0001296,Lavinia,Quillon,lavinia.quillon@example.net,AV10 2ZL,Oakhaven
r0001297,Samuel,Greenhalgh,sgreenhalgh@example.net,DB77 6YB,Harrowgate
r0001298,Oswald,Wetherby,oswald_wetherby@example.net,MR44 3QX,Pinecross
r0001299,Zachary,Zouche,zachary_zouche@example.com,EU52 1AP,Ashford
r0001300,Percival,Quarrington,percival47@example.net,RN66 6PJ,Northwold
r0001301,Percival,Quarrington,Percival47@Example.Net,MH30 3YJ,Inverleith
r0001302,Percvial,Quarrington,percival47@example.net,RN66 6PJ,Northwold
r0001303,Percival,Quarrington,PERCIVAL47@EXAMPLE.NET,RN66 6PJ,Northwold
r0001304,Lachlan,Jocelyn,ljocelyn@example.net,CS61 1HN,Fenwick
r0001305,Lachlan,Jocelyn,LJOCELYN@EXAMPLE.NET,CS61 1HN,Fenwick
r0001306,Augustine,Abernathy,aabernathy@example.com,RM33 5ZG,Eastmarch
r0001307,Lysander,Gillingham,lgillingham@example.org,RA45 1JJ,Northwold
r0001308,Cordelia,Danvers,cdanvers@example.net,SJ24 5TN,Ashford
r0001309,Crodelia,Danvers,cdanevrs@example.net,SJ24 5TN,Ashford
r0001310,Ursula,Langridge,ursula68@example.org,MP73 5RY,Fenwick
r0001311,Quentin,Danvers,quentin_danvers@example.net,DJ85 4ZT,Draysbourne
r0001312,Wilhelmina,Yelverton,wilhelmina10@example.net,WJ87 8LG,Oakhaven
r0001313,Olivia,Abernathy,oabernathy@example.net,LE73 6EW,Mordenhall
r0001314,Olivia,Aernathy,oabernathy@example.net,RE97 7SR,Eastmarch
r0001315,Olivia,Abernathy,OABERNATHY@EXAMPLE.NET,LE73 2EW,Mordenhall
r0001316,Cornelius,Oakhurst,cornelius60@example.net,XR15 4JG,Kestrelby
r0001317,Jerome,Braithwaite,jerome_braithwaite@example.com,LK87 8HZ,Fenwick
r0001318,Orlando,Stanhope,ostanhope@example.net,WL47 4NX,Inverleith
r0001319,Orlnado,Stanhoope,ostanhope@example.net,WL43 4NX,Inverleith
r0001320,Theodora,Norbury,theodora.norbury@example.com,JH57 5FN,Draysbourne
r0001321,Zora,Pemberton,zora.pemberton@example.net,LE47 4EF,Draysbourne
r0001322,Imogen,Applegarth,imogen37@example.net,AM23 4BE,Eastmarch
r0001323,Gwendolyn,Lockhart,gwendolyn41@example.net,SW63 5PN,Ashford
r0001324,Jasper,Inchbald,jasper_inchbald@example.org,VL24 7SE,Eastmarch
r0001325,Amelia,Ponsonby,amelia.ponsonby@example.com,BA55 1WQ,Fenwick
r0001326,Amelia,Pnosonby,AMELIA.PONSONBY@EXAMPLE.COM,BA55 1WQ,Fenwick
r0001327,Penelope,Tremaine,penelope38@example.com,TH55 4UZ,Harrowgate
r0001328,Penelope,Tremaine,PENELOPE38@EXAMPLE.COM,TH55 4UZ,Harrowgate
r0001329,Leonard,Trelawney,leonard_trelawney@example.net,GX84 8SZ,Pinecross
r0001330,Zora,Jessop,zora_jessop@example.com,CN73 8ZQ,Brightwater
r0001331,Sebastian,Wetherby,sebastian.wetherby@example.org,XT18 5UQ,Eastmarch
r0001332,Niamh,Kingscote,niamh84@example.net,GG76 2JS,Fenwick
r0001333,Rowena,Loxley,rloxley@example.com,TH39 5ZY,Northwold
r0001334,Peregrine,Lyttleton,peregrine_lyttleton@example.com,SC73 5LQ,Fenwick
r0001335,Benjamin,Tattersall,benjamin16@example.org,CG11 6YS,Kestrelby
r0001336,Benjmain,Tattersall,Benjamin16@Example.Org,CG11 6YS,Kestrelby
r0001337,Clara,Alderton,calderton@example.net,EL26 8QU,Northwold
r0001338,Fergus,Chadwick,fergus_chadwick@example.com,MS55 1ZH,Ashford
r0001339,Ferugs,Chadwwick,Fergus_Chadwick@Example.Com,MS55 1ZH,Ashford
r0001340,Fergus,Chadwick,fergus_chadwick@example.com,WS55 1ZH,Ashford
r0001341,Amelia,Yardley,ayardley@example.com,CN28 8RY,Pinecross
r0001342,Ameila,Yrdley,ayardley@example.com,CN28 8RY,Pinecross
r0001343,Amelia,Yadrley,AYARDLEY@EXAMPLE.COM,CN28 8AY,Pinecross
r0001344,Ameila,Yarddley,Ayardley@Example.Com,RG27 4WB,Ashford
r0001345,Bartholomew,Dunmore,bdunmore@example.org,FA14 4SB,Draysbourne
r0001346,Bartholomew,Dunmore,BDUNMORE@EXAMPLE.ORG,FA14 4SB,Draysbourne
r0001347,Vincent,Kenworthy,vincent_kenworthy@example.com,UH43 3PT,Pinecross
r0001348,Ignatius,Inchbald,ignatius.inchbald@example.net,UU98 3GG,Fenwick
r0001349,Eleanor,Lamperton,elamperton@example.com,KS37 7LW,Mordenhall
r0001350,Ezekiel,Ponsonby,ezekiel47@example.net,UM38 2LY,Fenwick
r0001351,Ezekiel,Ponsonby,ezekiel47@example.net,UM38 2LY,
r0001352,Ezkeiel,Ponsnby,Ezekiel47@Example.Net,JT24 1FS,Inverleith
r0001353,Ezekiel,Pnsonby,ezekel47@example.net,UM38 2LY,Fenwick
r0001354,Victoria,Norbury,victoria.norbury@example.org,XP18 7NJ,Brightwater
r0001355,Frederick,Wetherby,frederick.wetherby@example.org,SF25 4GF,Glassmere
r0001356,Sebastian,Alderton,sebastian64@example.org,DT90 4RD,Inverleith
r0001357,Seb,Aldrton,Sebastian64@Example.Org,DT90 4RD,Inverleith
r0001358,Sebastian,Alderton,SEBASTIAN64@EXAMPLE.ORG,DT90 4RD,Inverleith
r0001359,Seb,Aldertton,sebastian64@example.org,DT90 4RD,
r0001360,Isabel,Hepplewhite,isabel6@example.net,WS85 4AW,Glassmere
r0001361,Jerome,Emberly,jemberly@example.net,TH50 6YB,Draysbourne
r0001362,Jerome,Emberly,JEMBELRY@EXAMPLE.NET,TH50 6YB,
r0001363,Mabel,Standish,mabel.standish@example.org,KS84 2FN,Ashford
r0001364,Genevieve,Grimshaw,genevieve.grimshaw@example.com,JH28 2WP,Glassmere
r0001365,Clara,Norrington,cnorrington@example.net,MX40 1AD,Eastmarch
r0001366,Claar,Nrrington,cnnorrington@example.net,MX40 1AD,Eastmarch
r0001367,Alice,Kirkbride,alice.kirkbride@example.com,SB88 7XG,Eastmarch
r0001368,Harold,Mainwaring,harold_mainwaring@example.com,CG28 2JT,Mordenhall
r0001369,Harold,Maainwaring,harold_mainwaring@example.com,CG28 2JT,Mordenhall
r0001370,Harold,Mainwarin,Harol_Mainwaring@Example.Com,CG28 2JT,
r0001371,Marguerite,Ivory,marguerite_ivory@example.com,BG18 3PF,Inverleith
r0001372,Marguerite,Ivroy,MARGUERITE_IVORY@EXAMPLE.COM,BG18 3PF,Inverleith
r0001373,Marguerite,Ivoy,marguerite_ivory@example.com,FJ55 2EF,Glassmere
r0001374,Imogen,Fenchurch,imogen_fenchurch@example.org,VD63 3NF,Mordenhall
r0001375,Augustine,Netherfield,augustine_netherfield@example.org,LB31 6DU,Ashford
r0001376,Augsutine,Netherfied,AUGUSTINE_NETHERFIELD@EXAMPLE.ORG,LB31 9DU,Ashford
r0001377,Augustien,Nettherfield,Augusitne_Netherfield@Example.Org,LB31 6DU,Ashford
r0001378,Horatio,Vexley,hvexley@example.com,KL20 2LJ,Oakhaven
r0001379,Horatio,Vexle,hvexley@example.com,KL20 2LJ,Oakhaven
r0001380,Horatio,Vexleey,HVEXLEY@EXAMPLE.COM,KL20 2LJ,Oakhaven
r0001381,Zebedee,Ellsworth,zebedee_ellsworth@example.com,TF15 8GG,Harrowgate
r0001382,Ignatius,Greenhalgh,ignatius_greenhalgh@example.net,MA35 7NP,Pinecross
r0001383,Tabitha,Carmichael,tcarmichael@example.org,VL28 2WX,Pinecross
r0001384,Miriam,Verity,miriam_verity@example.com,CB73 1ZW,Glassmere
r0001385,Miriam,Verity,MIRIAM_VERITY@EXAMPLE.COM,CB73 1ZW,Glassmere
r0001386,Percival,Carmichael,pcarmichael@example.com,FM14 4WW,Northwold
r0001387,Rosalind,Wetherby,rwetherby@example.com,PL94 5TJ,Pinecross
r0001388,Horatio,Galbraith,hgalbraith@example.net,EG26 7NZ,Eastmarch
r0001389,Horatio,Galbraiith,hgalbraith@example.net,EG26 7NZ,Eastmarch
r0001390,Horatio,Galbraith,Hgalbraith@Example.Net,EG26 2NZ,Eastmarch
r0001391,Xanthe,Haverford,xanthe.haverford@example.net,PN30 4XL,Langmoor
r0001392,Josephine,Yelverton,josephine_yelverton@example.com,DU93 3LG,Oakhaven
r0001393,Horatio,Sedgwick,horatio_sedgwick@example.net,LD10 2WE,Fenwick
r0001394,Horatio,Sedgwcik,horato_sedgwick@example.net,LD60 2WE,Fenwick
r0001395,Ingrid,Uppingham,ingrid64@example.net,HS71 1TW,Ashford
r0001396,Inrgid,Uppiingham,ingrrid64@example.net,HS71 1TW,Ashford
r0001397,Ximena,Kettering,ximena68@example.com,CC93 1NB,Eastmarch
r0001398,Marguerite,Eastleigh,meastleigh@example.org,TN88 2ZN,Oakhaven
r0001399,Anneliese,Everleigh,aeverleigh@example.com,RH39 3JA,Kestrelby
r0001400,Anneliese,Everleigh,Aeverleigh@Example.Com,CX71 8QU,Northwold
r0001401,Anneliese,Everleigh,Aeverleigh@Example.Com,RH39 3JA,Kestrelby
r0001402,Barnaby,Everleigh,beverleigh@example.org,YR27 6BB,Inverleith
r0001403,Barnaby,Everleiigh,Beverleigh@Example.Org,SR57 7TW,Draysbourne
r0001404,Barnaby,Everleigh,BEVERLEIGH@EXAMPLE.ORG,YR27 6BB,Inverleith
r0001405,Honoria,Mainwaring,honoria_mainwaring@example.net,FD59 8DF,Langmoor
r0001406,Honoria,Mainwarign,Honoria_Mainwaring@Example.Net,FD59 8UF,Langmoor
r0001407,Honoria,Mainwarin,honoria_mainwaring@example.net,FD59 8DF,Langmoor
r0001408,Honoria,Mainaring,honoria_mainwaring@example.net,FD59 8DF,Langmoor
r0001409,Winifred,Wetherby,winifred92@example.org,EL78 7PF,Brightwater
r0001410,Wyatt,Underhill,wyatt_underhill@example.org,AD82 8TX,Fenwick
r0001411,Leonard,Yardley,leonard62@example.org,XN30 6BN,Kestrelby
r0001412,Leonard,Yardley,LEONARD62@EXAMPLE.ORG,LN30 6BN,Kestrelby
r0001413,Leonard,Yardley,LEOANRD62@EXAMPLE.ORG,XN30 6BN,Kestrelby
r0001414,Leonrad,Yardly,leonard62@example.org,XN34 6BN,Kestrelby
r0001415,Hattie,Kirkbride,hattie16@example.com,VP94 5BE,Cedarhill
r0001416,Montgomery,Ilchester,montgomery_ilchester@example.org,FD40 5EZ,Kestrelby
r0001417,Orlando,Wilberforce,orlando.wilberforce@example.com,PH43 7HW,Draysbourne
r0001418,Kirsten,Ainsworth,kirsten_ainsworth@example.com,ME80 7AQ,Harrowgate
r0001419,Kirsten,Aisnworth,kirsten_ainsworth@example.com,ME80 7AQ,Harrowgate
r0001420,Kirstne,Ainsworth,kirsten_ainsworth@example.com,ME80 7AQ,Harrowgate
r0001421,Zachary,Fairbanks,zachary71@example.com,PH45 6SU,Kestrelby
r0001422,Zachary,Fairbanks,ZACHARY71@EXAMPLE.COM,PH45 6SU,Kestrelby
r0001423,Winifred,Norrington,winifred.norrington@example.org,SM58 6BT,Brightwater
r0001424,Gwendolyn,Somerville,gwendolyn17@example.org,RN46 6XD,Mordenhall
r0001425,Lucasta,Mowbray,lucasta87@example.com,YY30 6YU,Draysbourne
r0001426,Dominic,Ravenscroft,dravenscroft@example.net,DP83 1UD,Cedarhill
r0001427,Matilda,Ivory,mivory@example.net,PB91 4YE,Ashford
r0001428,Penelope,Wolstenholme,penelope.wolstenholme@example.org,LT15 1YZ,Oakhaven
r0001429,Peneolpe,Wolsetnholme,Penelope.Wolstenholme@Example.Org,KT15 1YZ,Oakhaven
r0001430,Penelope,Wlostenholme,PENELOPE.WOLSTENHOLME@EXAMPLE.ORG,BY46 4JE,Pinecross
r0001431,Dominic,Jessop,djessop@example.net,RU74 7SB,Ashford
r0001432,Theodora,Balfour,theodora.balfour@example.org,VD33 3EP,Harrowgate
r0001433,Theodora,Balfuor,Theodora.Balfour@Example.Org,VD33 3EB,Harrowgate
r0001434,Dominic,Everleigh,deverleigh@example.net,UB60 6AU,Northwold
r0001435,Juniper,Donnelly,juniper31@example.org,YE11 2TD,Mordenhall
r0001436,Theodora,Ashworth,theodora.ashworth@example.net,MC83 7FY,Mordenhall
r0001437,Archibald,Osgood,archibald_osgood@example.net,MV76 3JD,Pinecross
r0001438,Penelope,Abernathy,penelope82@example.net,NA62 4AF,Northwold
r0001439,Nathaniel,Umberton,nathaniel.umberton@example.org,VV41 3XS,Brightwater
r0001440,Peregrine,Yelverton,pyelverton@example.net,RH26 3YW,Cedarhill
r0001441,Wilhelmina,Zouche,wilhelmina.zouche@example.net,DF47 4BH,Inverleith
r0001442,Wilhelmina,Zuche,wilhelmina.zouche@example.net,DF47 4BK,Inverleith
r0001443,Zora,Netherfield,znetherfield@example.net,DV93 4HA,Oakhaven
r0001444,Verity,Kenworthy,verity_kenworthy@example.com,DP44 6YN,Oakhaven
r0001445,Verity,Kenworthy,VERITY_KENWORTHY@EXAMPLE.COM,DP44 6YN,Oakhaven
r0001446,Genevieve,Trelawney,genevieve.trelawney@example.org,RN18 2XJ,Harrowgate
r0001447,Genevieve,Trrelawney,Genevieve.Trelawney@Example.Org,RN18 2XJ,
r0001448,Rebecca,Rackham,rrackham@example.net,DS92 6GT,Mordenhall
r0001449,Becky,Rackham,rrackham@example.net,DS92 6GT,Mordenhall
r0001450,Bceky,Rackahm,rrackham@example.net,DS92 6GT,Mordenhall
r0001451,Phoebe,Ottaway,pottaway@example.org,VN32 4QZ,Glassmere
r0001452,Phoebe,Ottaay,pottaway@example.org,VN32 4QZ,Glassmere
r0001453,Marguerite,Radcliffe,marguerite40@example.com,AF52 8NU,Pinecross
r0001454,Vincent,Braithwaite,vincent.braithwaite@example.net,TM78 1HH,Eastmarch
r0001455,Octavia,Norbury,octavia44@example.com,DG72 2DZ,Mordenhall
r0001456,Octaiva,Norbury,OCTAVIA44@EXAMPLE.COM,DG72 2DH,Mordenhall
r0001457,Octavia,Norbury,Octavia44@Example.Com,DG72 2DZ,Mordenhall
r0001458,Octavia,Norburry,octavia44@example.com,DG72 2NZ,
r0001459,Daniel,Fairbanks,daniel.fairbanks@example.org,WX75 5NJ,Inverleith
r0001460,Xanthe,Rosewarne,xrosewarne@example.org,FU34 4NX,Oakhaven
r0001461,Oswald,Galbraith,oswald_galbraith@example.org,KK98 2GR,Langmoor
r0001462,Marguerite,Quillon,mquillon@example.net,HP11 8RX,Mordenhall
r0001463,Gideon,Goldsworthy,gideon_goldsworthy@example.net,LG59 2EZ,Draysbourne
r0001464,Xanthe,Eastleigh,xeastleigh@example.net,FB38 4RD,Draysbourne
r0001465,Fergus,Kingsley,fergus.kingsley@example.com,RE40 1HX,Harrowgate
r0001466,Xanthe,Wilberforce,xwilberforce@example.net,RS33 1GQ,Pinecross
r0001467,Griselda,Zephyrus,griselda46@example.org,HA84 2BS,Oakhaven
r0001468,Katherine,Chadwick,kchadwick@example.com,TX67 2WS,Oakhaven
r0001469,Katherine,Cahdwick,Kchadwick@Example.Com,TX67 2WS,Oakhaven
r0001470,Patrick,Lockhart,patrick_lockhart@example.org,BN92 7TP,Brightwater
r0001471,Patrick,Lockhart,Patrick_Lockhart@Example.Org,BN92 7TP,Brightwater
r0001472,Octavia,Everleigh,oeverleigh@example.com,XE54 7NF,Northwold
r0001473,Ximena,Danvers,xdanvers@example.net,CU98 7RB,Inverleith
r0001474,Ximena,Danevrs,xdanvers@example.net,CU98 7RB,Inverleith
r0001475,Xmiena,Danvers,XDANVERS@EXAMPLE.NET,CU98 7RB,Inverleith
r0001476,Octavia,Illingworth,oillingworth@example.org,LX77 3PQ,Langmoor
r0001477,Emmeline,Gillingham,emmeline.gillingham@example.com,HW80 3PZ,Pinecross
r0001478,Julius,Merriweather,julius.merriweather@example.org,UT97 6XB,Langmoor
r0001479,Percival,Mowbray,percival_mowbray@example.org,LU89 8FQ,Fenwick
r0001480,Percival,Mowbray,PERCIVAL_MOWBRAY@EXAMPLE.ORG,LU89 8FQ,Fenwick
r0001481,Percival,Mowbray,Percival_Mowbray@Example.Org,LU89 8FQ,
r0001482,Precival,Mowwbray,percival_mowbray@example.org,LU89 8FQ,Fenwick
r0001483,Josephine,Umberton,jumberton@example.com,WN40 5FE,Ashford
r0001484,Josephine,Umberton,jumbertton@example.com,WN40 5FE,Ashford
r0001485,Nathaniel,Inchbald,nathaniel.inchbald@example.com,LP60 5FA,Kestrelby
r0001486,Horatio,Netherfield,horatio81@example.net,DS78 1GZ,Fenwick
r0001487,Delphine,Wilberforce,delphine.wilberforce@example.org,UA98 7LQ,Langmoor
r0001488,Dlephine,Wilberforce,delphine.wilberforce@example.org,UA98 7LQ,Langmoor
r0001489,Dlephine,Wilberforce,delphine.wilberforce@example.org,UA98 7LQ,Langmoor
r0001490,Delphine,Wilberforce,Delphine.Wilberforce@Example.Org,UA98 7LQ,Langmoor
r0001491,Sylvester,Lyttleton,slyttleton@example.com,EU92 3YD,Fenwick
r0001492,Leonard,Quenington,leonard_quenington@example.com,AS15 8HN,Harrowgate
r0001493,Perpetua,Ravenscroft,pravenscroft@example.com,YE40 3HZ,Ashford
r0001494,Horatio,Lockhart,horatio.lockhart@example.com,SM62 5EZ,Pinecross
r0001495,Yolanda,Jennings,yolanda_jennings@example.com,XE66 8RL,Ashford
r0001496,Griselda,Galbraith,griselda71@example.com,FA97 7FL,Ashford
r0001497,Griselda,Galbraith,GRISELDA71@EXAMPLE.COM,FA97 7FL,Ashford
r0001498,Amelia,Rackham,amelia5@example.net,RU78 6PP,Draysbourne
r0001499,Amelia,Rackham,amelia5@example.net,RU78 6PP,
r0001500,Amleia,Rackhaam,amelia5@example.net,RU78 6PP,
r0001501,Ameila,Rackham,amelia5@example.net,RU78 6PP,
r0001502,Barnaby,Thackeray,barnaby.thackeray@example.net,EV46 3UZ,Cedarhill
r0001503,Samuel,Ainsworth,sainsworth@example.com,GK84 6UE,Mordenhall
r0001504,Imogen,Netherfield,imogen.netherfield@example.org,SC64 3JQ,Northwold
r0001505,Wyatt,Jerningham,wyatt36@example.org,RT33 6YT,Oakhaven
r0001506,Josephine,Emberly,josephine.emberly@example.com,EE93 3GY,Fenwick
r0001507,Ezekiel,Goldsworthy,ezekiel34@example.com,LG91 3LE,Eastmarch
r0001508,Ezkeiel,Goldsworthy,Ezekiel34@Example.Com,LG91 3LE,Eastmarch
r0001509,Giles,Sinclair,giles_sinclair@example.com,XB76 4JX,Eastmarch
r0001510,Giles,Sinclair,GILES_SINCLAIR@EXAMPLE.COM,XB76 4JX,Eastmarch
r0001511,Giles,Sinclair,Giles_Sniclair@Example.Com,XB76 4JX,Eastmarch
r0001512,Giles,Sincliar,giles_sinclair@example.com,EY55 7LR,Harrowgate
r0001513,Katherine,Uppingham,katherine.uppingham@example.org,WY73 5YP,Oakhaven
r0001514,Anneliese,Eastleigh,aeastleigh@example.com,FF12 4LJ,Kestrelby
r0001515,Wyatt,Yeardley,wyeardley@example.com,PM59 4FD,Harrowgate
r0001516,Penelope,Uppingham,penelope.uppingham@example.org,XP34 7ND,Mordenhall
r0001517,Bartholomew,Ivory,bartholomew_ivory@example.com,TD31 7QE,Ashford
r0001518,Bartholomew,Ivory,BARTHOLOMEW_IVORY@EXAMPLE.COM,TD31 7QE,Ashford
r0001519,Bartholomew,Ivoory,bartholmew_ivory@example.com,AN93 2PN,Glassmere
r0001520,Bartholoemw,Ivory,bartholomew_ivory@example.com,TD31 7QE,Ashford
r0001521,Edmund,Ormsby,edmund.ormsby@example.com,TH16 1TU,Inverleith
r0001522,Edmund,Ormsby,edmund.ormsbyy@example.com,TH16 1TU,Inverleith
r0001523,Edumnd,Ormsyb,edmund.ormsby@example.com,TH16 1TU,
r0001524,Edmund,Ormsby,emund.ormsby@example.com,TH16 1TU,
r0001525,Mabel,Gillingham,mabel_gillingham@example.net,FR70 5FG,Inverleith
r0001526,Lysander,Pargeter,lysander45@example.net,RA85 1EN,Oakhaven
r0001527,Edmund,Tattersall,edmund.tattersall@example.com,YC13 3YP,Langmoor
r0001528,Edmund,Tatterssall,EDMUND.TATTERSALL@EXAMPLE.COM,GA85 1DY,Eastmarch
r0001529,Edmund,Tattersall,edmund.tattersall@example.com,SM51 1FN,Fenwick
r0001530,Edumnd,Tatetrsall,Edmund.Tattersall@Example.Com,YC33 3YP,
r0001531,Isadora,Jerningham,isadora.jerningham@example.org,RE20 6QU,Brightwater
r0001532,Nadia,Ufford,nadia15@example.com,TV72 3SF,Glassmere
r0001533,Frederick,Elphinstone,frederick_elphinstone@example.net,LW24 2XW,Harrowgate
r0001534,Laurence,Tremaine,laurence.tremaine@example.com,LF46 3LU,Glassmere
r0001535,Bartholomew,Ainsworth,bainsworth@example.net,LV74 3FN,Northwold
r0001536,Perpetua,Ullathorne,pullathorne@example.com,TB74 8XG,Glassmere
r0001537,Catherine,Netherfield,cnetherfield@example.net,HW67 7TW,Eastmarch
r0001538,Hattie,Ottaway,hattie11@example.net,AY49 2PX,Langmoor
r0001539,Rowena,Yarborough,ryarborough@example.com,UG40 6XQ,Oakhaven
r0001540,Horatio,Yeardley,horatio.yeardley@example.net,YM24 7FX,Harrowgate
r0001541,Theodora,Tremaine,theodora_tremaine@example.org,XR83 7ET,Northwold
r0001542,Samuel,Applegarth,samuel.applegarth@example.com,GJ82 2XR,Oakhaven
r0001543,Samuel,Applegarth,SAMUEL.APPLEGARTH@EXAMPLE.COM,GJ82 2XR,
r0001544,Samuel,Appplegarth,SAMUEL.APPLEGARTH@EXAMPLE.COM,GJ82 2XR,Oakhaven
r0001545,Sam,Aplegarth,samuel.applegarth@example.com,GJ82 2XR,Oakhaven
r0001546,Imogen,Alderton,imogen_alderton@example.com,GH68 6QD,Northwold
r0001547,Imogen,Alderton,imogen_alderton@example.com,GH58 6QD,Northwold
r0001548,Olivia,Applegarth,olivia52@example.net,PF57 7EH,Inverleith
r0001549,Sylvester,Cholmondeley,sylvester_cholmondeley@example.org,XR26 6YE,Pinecross
r0001550,Verity,Yelverton,verity.yelverton@example.net,CE54 4FT,Oakhaven
r0001551,Juniper,Norbury,jnorbury@example.org,TC33 3NN,Harrowgate
r0001552,Tabitha,Stanhope,tabitha.stanhope@example.com,BG10 1XD,Oakhaven
r0001553,Hattie,Norrington,hattie16@example.org,PR67 5WQ,Ashford
r0001554,Ezekiel,Radcliffe,ezekiel.radcliffe@example.net,VJ55 6BA,Cedarhill
r0001555,Ezekiel,Radcliffe,EZEKIEL.RADCLIFFE@EXAMPLE.NET,VJ55 6BA,Cedarhill
r0001556,Jerome,Hepplewhite,jerome.hepplewhite@example.org,WN40 5DH,Northwold
r0001557,Amelia,Quarrington,amelia.quarrington@example.com,NW15 4ZD,Draysbourne
r0001558,Isabel,Mowbray,isabel.mowbray@example.org,BJ23 1NL,Inverleith
r0001559,Ingrid,Drummond,idrummond@example.net,DD11 6DG,Oakhaven
r0001560,Sylvester,Yelverton,sylvester95@example.com,CN52 2SU,Mordenhall
r0001561,Lysander,Elphinstone,lelphinstone@example.net,UB30 7BT,Glassmere
r0001562,William,Illingworth,william.illingworth@example.org,SG62 3WU,Mordenhall
r0001563,Penelope,Loxley,penelope_loxley@example.com,GD85 4XW,Pinecross
r0001564,Zachary,Eastleigh,zachary.eastleigh@example.com,FX47 7ER,Ashford
r0001565,Seraphina,Marchbanks,seraphina.marchbanks@example.net,JC60 4US,Eastmarch
r0001566,Ingrid,Netherfield,ingrid_netherfield@example.com,AP25 8GW,Brightwater
r0001567,Ingrid,Netherrfield,ingrid_netherfield@example.com,AP25 8GW,Brightwater
r0001568,Gideon,Culpepper,gideon_culpepper@example.org,JN58 8DG,Oakhaven
r0001569,Gideon,Culpeepper,Gideon_Culpepper@Example.Org,JN50 8DG,Oakhaven
r0001570,Giedon,Culpepper,gideon_culpepper@example.org,JN58 8DX,Oakhaven
r0001571,Gideon,Culpeppper,Gideon_uClpepper@Example.Org,JN58 8EG,Oakhaven
r0001572,Clara,Lockhart,clara.lockhart@example.net,AG88 5RS,Brightwater
r0001573,Clara,Lockkhart,Clara.Lockhart@Example.Net,AG80 5RS,Brightwater
r0001574,Clara,Lockhart,CLARA.LOCKHART@EXAMPLE.NET,AG88 5RS,Brightwater
r0001575,Ingrid,Voysey,ivoysey@example.com,JW24 4LZ,Eastmarch
r0001576,Victoria,Uppingham,vuppingham@example.com,TF72 1TU,Cedarhill
r0001577,Daniel,Rutherglen,daniel7@example.org,AV98 6GY,Mordenhall
r0001578,Marguerite,Jardine,marguerite.jardine@example.org,BH22 3PW,Inverleith
r0001579,Marguerite,Jardiine,MARGUERITE.JARDINE@EXAMPLE.ORG,UT45 5RH,Cedarhill
r0001580,Margeurite,Jardine,Marguerite.Jardine@Example.Org,BH22 3PW,Inverleith
r0001581,Margueirte,Jardine,marrguerite.jardine@example.org,BH22 3PW,Inverleith
r0001582,Elspeth,Quenington,elspeth13@example.com,SR54 5SE,Fenwick
r0001583,Julius,Greenhalgh,julius_greenhalgh@example.org,EU23 3JU,Eastmarch
r0001584,Rebecca,Quimby,rebecca12@example.org,PX55 2WD,Fenwick
r0001585,Rebecca,Quimby,Rebecca12@Example.Org,PA55 2WD,Fenwick
r0001586,Rebecca,Qumiby,REBECCA12@EXAMPLE.ORG,PX55 2WD,Fenwick
r0001587,Clara,Ormsby,clara_ormsby@example.org,YH89 4LL,Mordenhall
r0001588,Dominic,Osgood,dominic_osgood@example.net,JP41 6UF,Inverleith
r0001589,Dmoinic,Osgood,dominic_osgood@example.net,JP41 6UF,Inverleith
r0001590,Alice,Abernathy,aabernathy@example.com,AC63 2JS,Fenwick
r0001591,Percival,Kettering,percival_kettering@example.org,YA66 3JR,Glassmere
r0001592,Pericval,Kettering,Percival_Kettering@Example.Org,WF39 2ZE,
r0001593,Percival,Ketternig,percival_kettering@example.org,YA66 3JR,Glassmere
r0001594,Percival,Kettreing,Percival_Kettering@Example.Org,YA66 3JR,Glassmere
r0001595,Hugo,Inchbald,hugo74@example.org,CP57 8XP,Pinecross
r0001596,Hugo,Inchbald,hugo74@example.org,CP37 8XP,Pinecross
r0001597,Hugo,Inchbald,Huggo74@Example.Org,TT32 6DT,Mordenhall
r0001598,Fergus,Kingscote,fergus57@example.org,AB88 5EP,Langmoor
r0001599,Mortimer,Wolstenholme,mortimer48@example.net,VH14 1TU,Pinecross
r0001600,Mortimer,Wolstenholme,Mortimer48@Example.Net,VH14 1TU,Pinecross
r0001601,Mortimer,Wolstenholmee,mortimer48@example.net,VH14 1TU,Pinecross
r0001602,Margaret,Lyttleton,margaret.lyttleton@example.com,AW88 7RA,Eastmarch
r0001603,Ximena,Yardley,ximena79@example.org,NF28 1YP,Harrowgate
r0001604,Alistair,Cholmondeley,alistair33@example.org,JF97 2UH,Cedarhill
r0001605,Desmond,Deverell,desmond_deverell@example.net,LY12 3EY,Glassmere
r0001606,Desmond,Deverell,DESMOND_DEVERELL@EXAMPLE.NET,LY12 3EY,Glassmere
r0001607,Desmodn,Deverell,desmond_deverell@example.net,LY12 3EY,Glassmere
r0001608,Desomnd,Deverell,DESMOND_DEVEERELL@EXAMPLE.NET,LS12 3EY,Glassmere
r0001609,Margaret,Umberton,margaret_umberton@example.com,HV75 7TT,Brightwater
r0001610,Jonathan,Grimshaw,jonathan74@example.org,VY94 7EQ,Draysbourne
r0001611,Thaddeus,Loxley,thaddeus_loxley@example.com,AG31 6GD,Mordenhall
r0001612,Thaddeus,Loxlye,Thaddeus_Loxley@Example.Com,AG31 6GD,
r0001613,Thaddeus,Loxley,thaddeus_loxley@example.com,AG31 5GD,
r0001614,Jonathan,Stanhope,jonathan.stanhope@example.org,JS70 5LY,Draysbourne
r0001615,Frederick,Quimby,frederick.quimby@example.org,CS66 1AT,Glassmere
r0001616,Frederikc,Qumiby,Frederick.Quimby@Example.Org,CS66 1AT,Glassmere
r0001617,Desmond,Zouche,desmond45@example.org,EL61 4ZD,Brightwater
r0001618,Demsond,Zouce,DESMOND45@EXAMPLE.ORG,EL61 4ZD,Brightwater
r0001619,Desmond,Zouche,desmon4d5@example.org,EL61 4ZD,Brightwater
r0001620,Ulysses,Verity,uverity@example.org,CX85 8ZZ,Fenwick
r0001621,Lucasta,Hollingsworth,lhollingsworth@example.net,JM80 7PN,Eastmarch
r0001622,Catherine,Kettering,catherine62@example.net,LN52 4QL,Brightwater
r0001623,Catherine,Kettering,CATHERINE62@EXAMPLE.NET,LN52 4QL,Brightwater
r0001624,Jasper,Ottaway,jasper.ottaway@example.org,EJ35 7LD,Glassmere
r0001625,Jerome,Kirkbride,jerome_kirkbride@example.com,YM53 3ZU,Oakhaven
r0001626,Magnus,Somerville,magnus.somerville@example.net,BE33 6UR,Fenwick
r0001627,Gideon,Ullathorne,gullathorne@example.com,DG52 3YP,Langmoor
r0001628,Gideon,Ullaathorne,gullathorne@example.com,DG52 3YP,
r0001629,Gideon,Ullathorne,Gullathorne@Example.Com,DG52 3YP,Langmoor
r0001630,Felicity,Ormsby,felicity.ormsby@example.org,UM18 7AG,Pinecross
r0001631,Felicity,Somerville,felicity.somerville@example.org,EE68 2UB,Oakhaven
r0001632,Leonard,Mainwaring,leonard_mainwaring@example.net,TV79 2UJ,Fenwick
r0001633,Magnus,Norbury,magnus.norbury@example.org,TN67 6QY,Harrowgate
r0001634,Ursula,Goldsworthy,ursula92@example.org,CC73 5WB,Mordenhall
r0001635,Ursula,Goldworthy,urslua92@example.org,CC73 5WB,Mordenhall
r0001636,Ursula,Goldsworthy,URSULA92@EXAMPLE.ORG,CC73 5WB,Mordenhall
r0001637,Winifred,Lyttleton,winifred_lyttleton@example.com,YW56 1JG,Cedarhill
r0001638,Winfired,Lyttleton,Winifred_Lyttleton@Example.Com,YW56 1JG,Cedarhill
r0001639,Sebastian,Langridge,slangridge@example.com,BW43 2DD,Cedarhill
r0001640,Seb,Langridge,slangridge@example.com,BW43 2DD,Cedarhill
r0001641,Nathaniel,Ormsby,nathaniel_ormsby@example.org,TP85 6XN,Pinecross
r0001642,Jonathan,Carmichael,jonathan.carmichael@example.org,VP66 6EN,Glassmere
r0001643,Jon,Carmichael,jonathan.carmichael@example.org,VP66 6EN,
r0001644,Jon,Crmichael,JONATHAN.CARMICAHEL@EXAMPLE.ORG,VP66 6EN,Glassmere
r0001645,Jon,Carmichael,JONATHAN.CARMICHAEL@EXAMPLE.ORG,VP66 6DN,Glassmere
r0001646,Lavinia,Illingworth,lavinia93@example.org,MP56 2YB,Northwold
r0001647,Yseult,Inchbald,yseult27@example.com,AV33 5HW,Glassmere
r0001648,Francis,Wilberforce,francis_wilberforce@example.org,UB95 1EQ,Ashford
r0001649,Zebedee,Tattersall,ztattersall@example.net,RM52 6UG,Pinecross
r0001650,Zbeedee,Tatetrsall,ZTATTERSALL@EXAMPLE.NET,RM52 6UG,Pinecross
r0001651,Zebedee,Tattersall,Zttatersall@Example.Net,RM53 6UG,Pinecross
r0001652,Samuel,Kingsley,skingsley@example.net,MD28 5RA,Eastmarch
r0001653,Juniper,Zennor,juniper.zennor@example.com,WA75 1HL,Kestrelby
r0001654,Sebastian,Radcliffe,sebastian_radcliffe@example.org,HS85 4WR,Oakhaven
r0001655,Grace,Ilchester,grace20@example.org,NA63 3RF,Ashford
r0001656,Graec,Ilchester,Grace20@Example.Org,NA63 3RF,Ashford
r0001657,Octavia,Wilberforce,octavia16@example.com,PG63 2HR,Harrowgate
r0001658,Octaiva,Wilberforce,OCTAVIA16@EXAMPLE.COM,PG63 2HR,Harrowgate
r0001659,Sebastian,Uppingham,suppingham@example.com,WH35 3ZJ,Brightwater
r0001660,Ursula,Emberly,ursula55@example.net,CU84 3AW,Ashford
r0001661,Felicity,Thackeray,felicity.thackeray@example.com,GE12 1PW,Harrowgate
r0001662,Niamh,Padgett,npadgett@example.com,VK20 6QX,Brightwater
r0001663,Niamh,Padgett,NPADGETT@EXAMPLE.COM,VK20 6QX,Brightwater
r0001664,Honoria,Ottaway,honoria_ottaway@example.org,MX10 6BS,Glassmere
r0001665,Magnus,Quarrington,magnus66@example.com,YL38 7FH,Kestrelby
r0001666,Marguerite,Marchbanks,marguerite_marchbanks@example.com,CJ35 2TQ,Kestrelby
r0001667,Marguerite,Marchbanks,marguerite_marchbanks@example.com,AA33 5DH,Inverleith
r0001668,Kirsten,Langridge,kirsten9@example.net,MR33 4LP,Cedarhill
r0001669,Emmeline,Kirkbride,ekirkbride@example.net,CY69 2YB,Ashford
r0001670,Dominic,Blackwood,dblackwood@example.com,NA49 7NE,Kestrelby
r0001671,Dominic,Blackowod,Dblackwood@Example.Com,NA49 7NE,Kestrelby
r0001672,Doimnic,Blackwwood,DBLACKWOOD@EXAMPLE.COM,BP47 7XZ,Harrowgate
r0001673,Dominic,Blackwood,dblackwood@example.com,NA49 1NE,Kestrelby
r0001674,Seraphina,Fotheringay,seraphina_fotheringay@example.net,KM61 5RU,Fenwick
r0001675,Julius,Emberly,jemberly@example.com,DC50 6JG,Eastmarch
r0001676,Wyatt,Ollerenshaw,wyatt84@example.org,XL59 6FP,Ashford
r0001677,Yseult,Goldsworthy,yseult_goldsworthy@example.net,PT42 4UT,Northwold
r0001678,Isadora,Applegarth,isadora.applegarth@example.org,RB13 6AT,Glassmere
r0001679,Niamh,Greenhalgh,niamh_greenhalgh@example.net,XD48 3QJ,Kestrelby
r0001680,Marcus,Rutherglen,marcus.rutherglen@example.com,WY82 1GT,Harrowgate
r0001681,William,Oakhurst,william.oakhurst@example.net,XX55 6WY,Pinecross
r0001682,William,Oakhurst,WILLIAM.OAKHURST@EXAMPLE.NET,XX55 6WY,Pinecross
r0001683,Amelia,Verity,amelia_verity@example.com,VV15 7SP,Kestrelby
r0001684,Nicholas,Ufford,nicholas.ufford@example.com,BD52 6DX,Fenwick
r0001685,Ursula,Drummond,udrummond@example.net,WM45 4XJ,Ashford
r0001686,Amelia,Loxley,amelia14@example.net,PE91 8JB,Harrowgate
r0001687,Rowena,Wilberforce,rowena_wilberforce@example.org,JY69 1NL,Pinecross
r0001688,Rosalind,Braithwaite,rosalind_braithwaite@example.com,PF98 3YD,Cedarhill
r0001689,Rosalind,Braithwaite,rosalind_braithwaite@example.com,PF78 3YD,Cedarhill
r0001690,Rosalind,Braiithwaite,ROSALIND_BRAITHWAITE@EXAMPLE.COM,PY22 5DR,Pinecross
r0001691,Benjamin,Ravenscroft,benjamin.ravenscroft@example.org,PA68 6UB,Draysbourne
r0001692,Ben,Ravensccroft,BENJAMIN.RAVENSCROFT@EXAMPLE.ORG,PA68 6UB,Draysbourne
r0001693,Francis,Wainwright,fwainwright@example.com,PW82 1DT,Eastmarch
r0001694,Nicholas,Loxley,nicholas.loxley@example.com,RW79 8TW,Northwold
r0001695,Nicholas,Loxlley,nicholas.loxley@example.com,CM95 5TF,Glassmere
r0001696,Nick,Loxleey,Nicholas.Loxley@Example.Com,RW79 8TX,Northwold
r0001697,Nick,Loxley,nicholas.loxley@example.com,RW79 8TW,Northwold
r0001698,Octavia,Donnelly,octavia.donnelly@example.net,PT48 2BQ,Brightwater
r0001699,Lucasta,Langridge,lucasta_langridge@example.com,AU63 5ND,Pinecross
r0001700,Penelope,Ponsonby,penelope73@example.net,PL79 4YN,Harrowgate
r0001701,Penelope,Ponsonb,PENELOPE73@EXAMPLE.NET,BL79 4YN,Harrowgate
r0001702,Penelope,Poonsonby,Penelope73@Example.Net,PL79 4YN,Harrowgate
r0001703,Jasper,Rackham,jasper39@example.com,HR40 6FN,Eastmarch
r0001704,Patrick,Zephyrus,patrick27@example.net,LK60 3WX,Inverleith
r0001705,Peregrine,Lockhart,plockhart@example.net,RY11 8UJ,Northwold
r0001706,Honoria,Ufford,honoria_ufford@example.com,LP95 3WH,Cedarhill
r0001707,Anneliese,Blackwood,ablackwood@example.com,AA54 7XS,Northwold
r0001708,Meredith,Stanhope,meredith_stanhope@example.com,LT93 2TN,Northwold
r0001709,Ignatius,Hepplewhite,ignatius.hepplewhite@example.org,HW63 2GJ,Brightwater
r0001710,Alice,Yardley,alice.yardley@example.net,TS58 1RP,Inverleith
r0001711,Alice,Yardley,ALICE.YARDLEY@EXAMPLE.NET,TS58 1RP,Inverleith
r0001712,Alice,Yardley,ALICE.YARDLEY@EXAMPLE.NET,TS58 1RP,
r0001713,Alice,Yardle,ALICE.YARDLEY@EXAMPLE.NET,TS58 1RP,Inverleith
r0001714,Eleanor,Abernathy,eabernathy@example.com,NM51 2ZW,Oakhaven
r0001715,Mortimer,Langridge,mortimer_langridge@example.org,YW56 8GL,Pinecross
r0001716,Mortimer,Langridge,MORTIMER_LANGRIDGE@EXAMPLE.ORG,YW56 8GL,Pinecross
r0001717,Mortimer,Langridge,morttimer_langridge@example.org,YW56 8GL,Pinecross
r0001718,Motrimer,Langridge,MORTIMER_LANGRIDGE@EXAMPLE.ORG,YW56 8GL,Pinecross
r0001719,Kirsten,Kenworthy,kirsten.kenworthy@example.net,MW33 5GH,Draysbourne
r0001720,Seraphina,Vanbrugh,seraphina.vanbrugh@example.com,KF74 5ZX,Mordenhall
r0001721,Peregrine,Merriweather,peregrine.merriweather@example.com,DE10 7PT,Northwold
r0001722,Samuel,Netherfield,samuel_netherfield@example.net,BT36 2BP,Kestrelby
r0001723,Imogen,Wolstenholme,imogen_wolstenholme@example.com,LA28 5XT,Eastmarch
r0001724,Lucasta,Dunmore,lucasta_dunmore@example.net,KU31 6SJ,Harrowgate
r0001725,Quentin,Deverell,quentin93@example.net,KX50 6TP,Eastmarch
r0001726,Ophelia,Jessop,ophelia22@example.com,NE95 8YF,Brightwater
r0001727,Patrick,Illingworth,patrick_illingworth@example.net,RF26 6XQ,Ashford
r0001728,Ulysses,Ravenscroft,uravenscroft@example.com,GL33 7LE,Draysbourne
r0001729,Ulysses,Ravnscroft,Uravenscroft@Example.Com,GL33 7LE,Draysbourne
r0001730,Ulysses,Ravenscrotf,URAVENSCROFT@EXAMPLE.COM,GL33 7LE,Draysbourne
r0001731,Ulysses,Ravenscroft,uravenscroft@example.com,FJ65 6LB,Brightwater
r0001732,Honoria,Kenworthy,hkenworthy@example.net,XP28 2AZ,Glassmere
r0001733,Leonard,Abernathy,leonard_abernathy@example.com,RF27 4HW,Langmoor
r0001734,Grace,Ravenscroft,grace.ravenscroft@example.com,NS92 1RU,Draysbourne
r0001735,Victoria,Tremaine,vtremaine@example.org,NJ41 4BD,Ashford
r0001736,Olivia,Prescott,olivia72@example.org,TU64 7HL,Cedarhill
r0001737,Olivia,Prescot,OLIVIA72@EXAMPLE.ORG,TU64 7HL,Cedarhill
r0001738,Olivia,Presctt,Olivia72@Example.Org,TU64 7HL,Cedarhill
r0001739,Lavinia,Stanhope,lavinia96@example.com,JJ40 2ZJ,Inverleith
r0001740,Percival,Jessop,percival.jessop@example.org,SW39 8GR,Eastmarch
r0001741,Hugo,Applegarth,hugo.applegarth@example.org,HK80 1SS,Inverleith
r0001742,Delphine,Lamperton,delphine.lamperton@example.com,JS43 7TB,Kestrelby
r0001743,Eleanor,Padgett,eleanor_padgett@example.net,LV64 7JJ,Brightwater
r0001744,William,Ainsworth,william_ainsworth@example.com,DH98 4GA,Glassmere
r0001745,Verity,Langridge,verity.langridge@example.net,NM33 2HW,Brightwater
r0001746,Beatrix,Stanhope,beatrix_stanhope@example.net,VH68 5NW,Harrowgate
r0001747,Bartholomew,Quenington,bartholomew.quenington@example.com,MT46 7BB,Ashford
r0001748,Benjamin,Nightingale,bnightingale@example.com,AE44 5QG,Eastmarch
r0001749,Benjamin,Verity,bverity@example.net,AF68 4XG,Kestrelby
r0001750,Honoria,Pemberton,honoria75@example.com,CF21 2YY,Inverleith
r0001751,Ignatius,Nunnerley,ignatius_nunnerley@example.net,DN24 3YW,Mordenhall
r0001752,Evelyn,Wainwright,evelyn.wainwright@example.net,EP37 5TF,Oakhaven
r0001753,Honoria,Illingworth,hillingworth@example.com,XK23 2QQ,Kestrelby
r0001754,Niamh,Norrington,nnorrington@example.net,EX74 3RT,Draysbourne
r0001755,Fergus,Thackeray,fergus.thackeray@example.net,YK16 6BD,Kestrelby
r0001756,Rosalind,Yelverton,rosalind30@example.org,AN32 2NY,Harrowgate
r0001757,Ulysses,Yelverton,ulysses_yelverton@example.org,FE73 2UP,Pinecross
r0001758,William,Wetherby,william.wetherby@example.com,AT83 8GF,Draysbourne
r0001759,Wililam,Wetherby,Willia.mWetherby@Example.Com,AT83 8GF,
r0001760,William,Wetherrby,william.wetherby@example.com,GM76 6BS,Eastmarch
r0001761,Will,Wetherby,William.Wetherby@Example.Com,AT83 8GF,Draysbourne
r0001762,Nadia,Rutherglen,nadia42@example.org,XK66 4EE,Oakhaven
r0001763,Gideon,Mainwaring,gideon_mainwaring@example.com,EV31 3WP,Fenwick
r0001764,Daniel,Hepplewhite,daniel34@example.org,VP77 6HN,Oakhaven
r0001765,Wyatt,Rackham,wyatt.rackham@example.org,TF45 8BY,Mordenhall
r0001766,Wyatt,Rackham,Wyatt.Rackham@Example.Org,TF45 8BY,Mordenhall
r0001767,Wytat,Rackham,wyatt.rackham@example.org,TF15 8BY,Mordenhall
r0001768,Clementine,Quimby,clementine70@example.net,VW54 5JH,Oakhaven
r0001769,Isabel,Prescott,isabel.prescott@example.net,AW53 2XD,Draysbourne
r0001770,Harold,Inchbald,harold_inchbald@example.net,JT70 8UX,Langmoor
r0001771,Oswald,Cholmondeley,ocholmondeley@example.com,NM40 7WE,Eastmarch
r0001772,Cordelia,Yarborough,cordelia17@example.net,VJ60 1BY,Fenwick
r0001773,Cordelia,Yarborough,CORDELIA17@EXAMPLE.NET,VM60 1BY,Fenwick
r0001774,Cordelia,Yarborough,CORDELIA17@EXAMPLE.NET,VJ60 1BY,Fenwick
r0001775,Bartholomew,Zennor,bartholomew18@example.net,PP49 6NB,Eastmarch
r0001776,Fergus,Padgett,fergus.padgett@example.net,NL63 8HY,Langmoor
r0001777,Alistair,Osgood,alistair_osgood@example.com,PW52 5FJ,Kestrelby
r0001778,Alistair,Osgoo,alistair_osgood@example.com,PW52 5FJ,
r0001779,Quentin,Verity,quentin12@example.com,DT83 8HW,Brightwater
r0001780,Quentin,Veirty,quentin12@example.com,DT83 8HW,
r0001781,Quentin,Verity,QUENTIN12@EXAMPLE.COM,DT83 8HW,Brightwater
r0001782,Daniel,Kingscote,daniel.kingscote@example.com,FC43 4UT,Ashford
r0001783,Dan,Kingscote,Daniel.Kingscote@Example.Com,LC43 4UT,Ashford
r0001784,Griselda,Jessop,griselda_jessop@example.com,FW98 2HH,Cedarhill
r0001785,Desmond,Harcourt,desmond.harcourt@example.com,LS28 4ZW,Cedarhill
r0001786,Clementine,Mortimer,clementine83@example.com,VP68 4TN,Inverleith
r0001787,Clementine,Mortimer,CLEMENTINE83@EXAMPLE.COM,VP68 4TN,Inverleith
r0001788,Clementine,Mortimer,CLEMENTINE83@EXAMPLE.COM,VB68 4TN,Inverleith
r0001789,Clementine,Mortimer,clementine83@example.com,VP68 4TN,
r0001790,Zebedee,Farquharson,zebedee_farquharson@example.net,MJ76 3NP,Ashford
r0001791,Evelyn,Ullathorne,eullathorne@example.net,JN13 2HT,Brightwater
r0001792,Genevieve,Zouche,genevieve9@example.com,JA34 7EQ,Pinecross
r0001793,Patrick,Harcourt,pharcourt@example.com,FT63 6EN,Brightwater
r0001794,Clementine,Nunnerley,cnunnerley@example.net,RY51 6TU,Northwold
r0001795,Zebedee,Cholmondeley,zebedee.cholmondeley@example.org,KJ82 6UW,Oakhaven
r0001796,Ursula,Kingsley,ukingsley@example.org,MY69 2NY,Eastmarch
r0001797,Edmund,Wolstenholme,ewolstenholme@example.com,HR82 4DN,Ashford
r0001798,Edmund,Wolstenhollme,Ewolstenholme@Example.Com,HR82 4DN,Ashford
r0001799,Edmund,Wolstenholme,Ewolstenholm@Example.Com,HR85 4DN,Ashford
r0001800,Yolanda,Applegarth,yolanda95@example.com,ME60 3SE,Mordenhall
r0001801,Beatrix,Zouche,beatrix60@example.net,PB58 2GS,Harrowgate
r0001802,Beatrix,Zoche,beatrix60@example.net,CB58 2GS,Harrowgate
r0001803,Beatrxi,Zouhe,beatrix60@example.net,PB58 2GW,Harrowgate
r0001804,Ulysses,Yardley,ulysses56@example.org,VE76 8JQ,Harrowgate
r0001805,Ignatius,Fenchurch,ignatius.fenchurch@example.org,PL18 1FB,Mordenhall
r0001806,Ignatius,Feenchurch,Ignatius.Fenchurch@Example.Org,JN81 1TB,Inverleith
r0001807,Nadia,Ullathorne,nadia72@example.com,UC35 4NE,Cedarhill
r0001808,Mabel,Wetherby,mabel.wetherby@example.com,FR80 7UX,Kestrelby
r0001809,Vincent,Ingram,vincent.ingram@example.net,EK31 4XN,Inverleith
r0001810,Yseult,Lockhart,yseult_lockhart@example.net,RR73 1WW,Eastmarch
r0001811,Josephine,Mortimer,josephine35@example.org,SR66 2FA,Draysbourne
r0001812,Ximena,Sinclair,ximena88@example.com,XM74 4SF,Pinecross
r0001813,Juniper,Kingsley,jkingsley@example.net,WL66 4ZX,Langmoor
r0001814,Anneliese,Kenworthy,anneliese_kenworthy@example.org,VJ11 2SH,Pinecross
r0001815,Niamh,Galbraith,ngalbraith@example.org,PY28 8JF,Harrowgate
r0001816,Laurence,Rackham,laurence_rackham@example.com,LE95 6ZW,Oakhaven
r0001817,Laurence,Rcakham,LAURENCE_RACKHAM@EXAMPLE.COM,LE95 0ZW,Oakhaven
r0001818,Gideon,Illingworth,gillingworth@example.org,MM35 8WU,Brightwater
r0001819,Rowena,Drummond,rowena_drummond@example.org,LG53 2TB,Glassmere
r0001820,Anneliese,Kingsley,anneliese_kingsley@example.org,WX30 6RS,Inverleith
r0001821,Barnaby,Ollerenshaw,barnaby_ollerenshaw@example.net,TE48 2UY,Glassmere
r0001822,Oswald,Jocelyn,ojocelyn@example.net,DX91 4AY,Draysbourne
r0001823,Clementine,Oakhurst,clementine_oakhurst@example.com,RA91 2NE,Pinecross
r0001824,Amelia,Blackwood,amelia33@example.org,NY19 5UL,Eastmarch
r0001825,Leonard,Donnelly,leonard2@example.net,VC78 2RN,Harrowgate
r0001826,Leonard,Donnelly,Leonard2@Example.Net,VC78 2RN,Harrowgate
r0001827,Leonadr,Donnelly,LEONARD2@EXAMPLE.NET,VC78 2RN,Harrowgate
r0001828,Leonrad,Donnlely,Leonard2@Example.Net,UY88 3AP,
r0001829,Benjamin,Netherfield,benjamin91@example.net,UG74 1FJ,Glassmere
r0001830,Benjamin,Netherfield,BENJAMIN91@EXAMPLE.NET,GL17 7HW,Langmoor
r0001831,Honoria,Yeardley,hyeardley@example.org,WN97 1HB,Pinecross
r0001832,Hattie,Thorncroft,hattie7@example.net,AT98 2PT,Eastmarch
r0001833,Augustine,Prescott,augustine.prescott@example.org,RH41 8TP,Harrowgate
r0001834,Augustine,Prescott,Augustine.Precsott@Example.Org,RH41 8TP,
r0001835,Augustine,Presscott,augustine.prescottt@example.org,RH41 8TP,Harrowgate
r0001836,Adelaide,Radcliffe,adelaide.radcliffe@example.com,XV85 7SD,Glassmere
r0001837,Ursula,Nightingale,unightingale@example.org,RY93 6DE,Brightwater
r0001838,Jerome,Grimshaw,jgrimshaw@example.org,FD75 5ZR,Inverleith
r0001839,Orlando,Lockhart,orlando_lockhart@example.net,GF29 3NX,Harrowgate
r0001840,Isadora,Abernathy,iabernathy@example.org,WP79 1EB,Draysbourne
r0001841,Magnus,Vexley,magnus92@example.net,GM49 6PQ,Brightwater
r0001842,Magnus,Veley,magnus92@example.net,GM49 6PQ,Brightwater
r0001843,Magnus,Vexley,magnus92@example.net,GM49 6PQ,
r0001844,Octavia,Ziegler,octavia_ziegler@example.org,RX54 8BS,Harrowgate
r0001845,Yolanda,Quarrington,yolanda_quarrington@example.org,GF92 5FP,Ashford
r0001846,Zebedee,Hawksmoor,zebedee88@example.org,CF34 1ZN,Brightwater
r0001847,Margaret,Hepplewhite,margaret72@example.com,PH10 6WD,Harrowgate
r0001848,Margaret,Heppllewhite,margaret72@example.com,PH10 8WD,Harrowgate
r0001849,Magraret,Hepplewhite,MARGARET72@EXAMPLE.COM,PH10 6WP,Harrowgate
r0001850,Rebecca,Bramwell,rbramwell@example.com,JK38 3AH,Langmoor
r0001851,Bekcy,Barmwell,Rbramwell@Example.Com,JK38 3AH,Langmoor
r0001852,Gwendolyn,Dunmore,gwendolyn.dunmore@example.com,EV48 8GR,Brightwater
r0001853,Zachary,Applegarth,zachary_applegarth@example.org,LY41 5BL,Fenwick
r0001854,Vincent,Quillon,vincent7@example.com,VX50 1GX,Oakhaven
r0001855,Patrick,Chadwick,patrick30@example.com,WF32 2LA,Glassmere
r0001856,Rebecca,Grimshaw,rebecca50@example.com,TL94 4HL,Eastmarch
r0001857,Ingrid,Umberton,iumberton@example.com,RR41 3YL,Oakhaven
r0001858,Victoria,Goldsworthy,victoria.goldsworthy@example.org,CD28 3YQ,Inverleith
r0001859,Oswald,Ullathorne,oswald8@example.net,SD22 6NB,Kestrelby
r0001860,Jasper,Wetherby,jasper_wetherby@example.org,HF56 7AY,Langmoor
r0001861,Amelia,Osgood,amelia.osgood@example.org,DL96 7WG,Eastmarch
r0001862,Amelia,Osgood,AMELIA.OSGOOD@EXAMPLE.ORG,DL96 7WG,Eastmarch
r0001863,Zora,Bramwell,zora32@example.com,UL52 3WZ,Mordenhall
r0001864,Francis,Sinclair,francis54@example.org,CD87 2QZ,Brightwater
r0001865,Lavinia,Ottaway,lavinia75@example.org,XW38 3RP,Eastmarch
r0001866,Frederick,Quenington,frederick.quenington@example.net,DV84 5WH,Kestrelby
r0001867,Percival,Kirkbride,percival_kirkbride@example.com,EC47 2AH,Mordenhall
r0001868,Alistair,Culpepper,alistair.culpepper@example.org,LS30 7FB,Fenwick
r0001869,Alistair,Culpepperr,ALISTAIR.CULPEPPER@EXAMPLE.ORG,LS30 7FB,Fenwick
r0001870,Alistair,Culpepper,ALISTAIR.CULPEPPER@EXAMPLE.ORG,LS30 7FB,Fenwick
r0001871,Alistari,Culpepper,Alistair.Culpepper@Example.Org,LS30 7FB,
r0001872,Nadia,Thorncroft,nadia11@example.org,CK15 7NQ,Draysbourne
r0001873,Edmund,Hawksmoor,edmund.hawksmoor@example.org,ED83 2GZ,Kestrelby
r0001874,Edmund,Hawksmoor,EDMUND.HAWKSOOR@EXAMPLE.ORG,ED83 2GZ,Kestrelby
r0001875,Edmund,Hawksmoor,EDMUND.HAWKSMOOR@EXAMPLE.ORG,ED83 2GZ,Kestrelby
r0001876,Mortimer,Lyttleton,mortimer.lyttleton@example.com,VP68 8QY,Harrowgate
r0001877,Mortimer,Lyttleton,mortimer.lyttleton@example.com,VP68 8QY,
r0001878,Motrimer,Lyttleton,MORTIMER.LYTTLETON@EXAMPLE.COM,XC64 4LQ,Brightwater
r0001879,Victoria,Jerningham,victoria.jerningham@example.net,EN61 1LN,Kestrelby
r0001880,Reginald,Rackham,reginald39@example.com,WK39 5JX,Inverleith
r0001881,Francis,Ainsworth,francis.ainsworth@example.org,YY35 7NA,Mordenhall
r0001882,Gwendolyn,Thackeray,gthackeray@example.com,RT56 7QZ,Northwold
r0001883,Alistair,Mainwaring,alistair.mainwaring@example.com,WC31 1ZP,Mordenhall
r0001884,Alistair,Mainwaring,ALISTAIR.MAINWARING@EXAMPLE.COM,WW31 1ZP,Mordenhall
r0001885,Theodora,Cavendish,theodora53@example.org,EU56 3ED,Fenwick
r0001886,Esther,Pemberton,esther_pemberton@example.org,PR53 5NG,Ashford
r0001887,Cordelia,Grimshaw,cgrimshaw@example.org,TX19 2SS,Draysbourne
r0001888,Codrelia,Grimshaw,cgrimshaw@example.org,TX16 2SS,Draysbourne
r0001889,Cordelia,Grimshaw,CGRIMSHAW@EXAMPLE.ORG,TX19 2SS,Draysbourne
r0001890,Cordeila,Grmshaw,cgrimshaw@example.org,EM79 6PE,Ashford
r0001891,Winifred,Quarrington,winifred93@example.net,XA76 7RG,Mordenhall
r0001892,Archibald,Loxley,archibald.loxley@example.net,XA82 8GH,Pinecross
r0001893,Juniper,Fairbanks,juniper91@example.net,WB48 2PF,Mordenhall
r0001894,Juniper,Fairbanks,Juniper91@Example.Net,WP48 2PF,Mordenhall
r0001895,Juniper,Fairbanks,juniper91@example.net,WB48 2PF,
r0001896,Rebecca,Norbury,rnorbury@example.net,JG72 4BH,Brightwater
r0001897,Becky,Nrobury,rnorbury@example.net,JG72 4BH,
r0001898,Becky,Norbury,rnorbury@example.net,JG72 4BH,Brightwater
r0001899,Lachlan,Ivory,lachlan38@example.org,AH27 1SQ,Ashford
r0001900,Verity,Gillingham,verity56@example.org,LM47 8JU,Cedarhill
r0001901,Veriyt,Gllingham,Verity56@Example.Org,LM47 8JU,
r0001902,William,Dunmore,wdunmore@example.org,TE63 5ZD,Oakhaven
r0001903,Wyatt,Somerville,wyatt.somerville@example.org,SG30 7BS,Cedarhill
r0001904,Isadora,Tremaine,isadora_tremaine@example.org,SU50 2RH,Fenwick
r0001905,Isadora,Tremaine,isadora_tremine@example.org,SU50 2RH,Fenwick
r0001906,Ingrid,Fairbanks,ifairbanks@example.org,BL45 5AJ,Eastmarch
r0001907,Ingrid,Fairrbanks,Ifairbanks@Example.Org,BL45 5AJ,Eastmarch
r0001908,Ignrid,Faibranks,Ifairbanks@Example.Org,BL40 5AJ,Eastmarch
r0001909,Inrgid,Faiirbanks,ifairbanks@example.org,BL45 5AJ,Eastmarch
r0001910,Seraphina,Hollingsworth,seraphina_hollingsworth@example.com,YY29 6JQ,Northwold
r0001911,Tamsin,Farquharson,tamsin.farquharson@example.com,XN75 6RE,Glassmere
r0001912,Tamisn,Farquharson,tamsin.farquharson@example.com,XN75 6RE,Glassmere
r0001913,Tamsin,Farquharson,tamsin.farquharson@example.com,XN75 6RE,
r0001914,Sylvester,Stanhope,sylvester.stanhope@example.org,TW75 8NX,Oakhaven
r0001915,Gwendolyn,Ashworth,gashworth@example.net,EV42 7HL,Pinecross
r0001916,Gwendolyn,Ashworth,GASHWORTH@EXAMPLE.NET,EV42 7HL,Pinecross
r0001917,Gwendolyn,Ashwroth,Gashhworth@Example.Net,EV42 7HL,Pinecross
r0001918,Catherine,Everleigh,ceverleigh@example.org,MK67 7JR,Kestrelby
r0001919,Ctahy,Eevrleigh,Ceverleigh@Example.Org,MK67 7JR,
r0001920,Catherine,Evereigh,ceverleigh@example.org,MK17 7JR,
r0001921,Leonard,Farquharson,leonard_farquharson@example.net,MX25 8RQ,Draysbourne
r0001922,Leonard,Farquharson,Leonard_Farquharson@Example.Net,MX25 8RQ,Draysbourne
r0001923,Alistair,Somerville,asomerville@example.net,EY81 2XN,Pinecross
r0001924,Mabel,Mainwaring,mabel_mainwaring@example.net,BE94 3AZ,Glassmere
r0001925,Mabel,Mainwaring,Mabel_Mainwaring@Example.Net,BE94 3AZ,
r0001926,Mabel,Mainwaring,MABEL_MAINWARING@EXAMPLE.NET,BE94 3AZ,Glassmere
r0001927,Mabel,Mainwaring,MABEL_MAINWARING@EXAMPLE.NET,BE94 3AZ,Glassmere
r0001928,Augustine,Ullathorne,augustine.ullathorne@example.org,GD48 4LW,Fenwick
r0001929,Augustine,Ulllathorne,AUGUSTINE.ULLATHORNE@EXAMPLE.ORG,GD48 4LW,Fenwick
r0001930,Augustien,Ullathorne,AUGUSTINE.ULLATHORNE@EXAMPLE.ORG,GD48 4LW,Fenwick
r0001931,Augustien,Ullathorne,AUGUSTINE.ULLATHORNE@EXAMPLE.ORG,GD48 3LW,Fenwick
r0001932,Montgomery,Jennings,montgomery.jennings@example.com,GL48 7WX,Inverleith
r0001933,Motngomery,Jennins,montgomery.jennings@example.com,GW48 7WX,Inverleith
r0001934,Montgomery,Jennings,MONTGOMERY.JENNINGS@EXAMPLE.COM,GL48 7WX,Inverleith
r0001935,Mongtomery,Jenniings,MONTGOMERY.JENNINGS@EXAMPLE.COM,GL43 7WX,Inverleith
r0001936,Gwendolyn,Quillon,gwendolyn93@example.com,TA43 5ZZ,Langmoor
r0001937,Gwendolyn,Quillon,GWENDOLYN93@EXAMPLE.COM,TA43 5ZZ,Langmoor
r0001938,Phoebe,Drummond,phoebe11@example.com,PH35 5EG,Draysbourne
r0001939,Ulysses,Ellsworth,ulysses.ellsworth@example.com,XE28 7SQ,Inverleith
r0001940,Miriam,Inchbald,miriam_inchbald@example.com,VL26 8XF,Inverleith
r0001941,Lucasta,Tattersall,ltattersall@example.net,EM31 8SF,Langmoor
r0001942,Grace,Mainwaring,gmainwaring@example.com,LV17 6FH,Fenwick
r0001943,Valentina,Applegarth,valentina_applegarth@example.net,PN48 6JL,Fenwick
r0001944,Valentina,Applegaarth,VALENTINA_APPLEGARTH@EXAMPLE.NET,PN48 6JL,Fenwick
r0001945,Valentina,Applegarth,VALENTINA_APPLEGARTH@EXAMPLE.NET,PN48 6JL,Fenwick
r0001946,Vaelntina,Applegrath,valentina_applegarth@example.net,PN48 6JL,Fenwick
r0001947,Seraphina,Fairbanks,seraphina.fairbanks@example.org,GY54 3PH,Mordenhall
r0001948,Seraphnia,Fairbanks,SERAPHINA.FAIRBANKS@EXAMPLE.ORG,GY54 3PH,Mordenhall
r0001949,Yolanda,Deverell,ydeverell@example.com,YX59 2WA,Inverleith
r0001950,Ingrid,Jessop,ijessop@example.net,RH93 8LQ,Cedarhill
r0001951,Nicholas,Mortimer,nmortimer@example.com,RP87 6AY,Ashford
r0001952,Grace,Hepplewhite,grace_hepplewhite@example.org,KM77 4YS,Northwold
r0001953,Ingrid,Ullathorne,ingrid_ullathorne@example.com,MM47 3ET,Brightwater
r0001954,Lucasta,Fitzwilliam,lucasta_fitzwilliam@example.org,JU78 6NS,Inverleith
r0001955,Kirsten,Culpepper,kculpepper@example.com,FA41 3GY,Cedarhill
r0001956,Frederick,Ponsonby,frederick47@example.com,JF33 5XH,Oakhaven
r0001957,Fred,Ponsonby,FREDERICK47@EXAMPLE.COM,JF33 5XH,Oakhaven
r0001958,Olivia,Radcliffe,olivia_radcliffe@example.com,JA29 8FF,Northwold
r0001959,Genevieve,Stanhope,gstanhope@example.com,SC28 6US,Ashford
r0001960,Genevieve,Stanhope,GSTANHOPE@EXAMPLE.COM,SC28 6US,Ashford
r0001961,Jasper,Quillon,jasper.quillon@example.com,YF86 6SY,Langmoor
r0001962,Jasper,Quillon,jasper.quillon@example.com,YF86 6VY,Langmoor
r0001963,Japser,Quilon,jasper.quillon@example.com,YF86 6SY,Langmoor
r0001964,Jasper,Quillon,Jasper.Quillon@Example.Com,YF86 6SY,Langmoor
r0001965,Percival,Yeardley,percival95@example.org,ET76 5NT,Inverleith
r0001966,Percival,Padgett,ppadgett@example.net,SJ42 4RH,Cedarhill
r0001967,Eleanor,Osgood,eleanor_osgood@example.org,DC36 1NF,Ashford
r0001968,Edmund,Ollerenshaw,edmund70@example.com,DH47 5ET,Langmoor
r0001969,Katherine,Wilberforce,katherine.wilberforce@example.org,PV68 3WS,Draysbourne
r0001970,Griselda,Umberton,griselda67@example.org,UW15 8JF,Inverleith
r0001971,Frederick,Kirkbride,frederick.kirkbride@example.org,BR37 6NH,Mordenhall
r0001972,Frederick,Kirkbride,Frederick.Kirkbride@Example.Org,BR37 6NH,Mordenhall
r0001973,Frde,Kirkbirde,Frederick.Kirkbride@Example.Org,BR37 6NH,Mordenhall
r0001974,Fredercik,Kirkbirde,Frederick.Kirkbride@Example.Org,BR37 6NH,Mordenhall
r0001975,Desmond,Haverford,desmond_haverford@example.org,TP63 8TY,Eastmarch
r0001976,Evelyn,Langridge,evelyn81@example.net,XE85 7DW,Brightwater
r0001977,Catherine,Fenchurch,catherine_fenchurch@example.com,HK97 4UF,Glassmere
r0001978,Catherine,Fenchurch,Catherine_Fenchurch@Example.Com,HK97 4UF,Glassmere
r0001979,Augustine,Zephyrus,augustine72@example.com,SG37 1LL,Northwold
r0001980,Clara,Emberly,clara.emberly@example.org,GS78 1HG,Brightwater
r0001981,Meredith,Padgett,meredith57@example.com,TW87 7LY,Harrowgate
r0001982,Penelope,Grimshaw,penelope_grimshaw@example.net,SB95 8LX,Fenwick
r0001983,Penelope,Grimshaw,PENELOPE_GRIMSHAW@EXAMPLE.NET,SB95 8LX,Fenwick
r0001984,Penelope,Grimshaw,PENELOPE_GRMISHAW@EXAMPLE.NET,SB95 8LX,
r0001985,Josephine,Nunnerley,josephine_nunnerley@example.com,MR35 3GG,Fenwick
r0001986,Josephine,Nnunerley,josephine_nunnerley@example.com,MR35 3GG,Fenwick
r0001987,Miriam,Haverford,miriam1@example.org,RR10 8HP,Brightwater
r0001988,Margaret,Wetherby,margaret.wetherby@example.org,FM59 6RF,Inverleith
r0001989,Nicholas,Sinclair,nicholas_sinclair@example.org,NU86 3ZN,Northwold
r0001990,Gwendolyn,Fenchurch,gwendolyn2@example.net,KP23 7QY,Ashford
r0001991,Juniper,Sinclair,juniper_sinclair@example.net,AS96 7EB,Kestrelby
r0001992,Juniper,Snclair,Juniper_Sinclair@Example.Net,GM10 8DZ,Pinecross
r0001993,Juinper,Sinclai,JUNIPER_SINCLAIR@EXAMPLE.NET,AS96 8EB,Kestrelby
r0001994,Dorothea,Vanbrugh,dorothea.vanbrugh@example.org,WH86 8FA,Inverleith
r0001995,Margaret,Marchbanks,margaret.marchbanks@example.com,RD83 1DR,Harrowgate
r0001996,Margaret,Marchbanks,margaret.marchbanks@example.com,RD83 1DR,
r0001997,Margaert,Mrchbanks,margaret.marchbanks@example.com,RD83 1DR,Harrowgate
r0001998,Maggie,Marchbanks,MARGARET.MARCHBANKS@EXAMPLE.COM,RD83 1DR,
r0001999,Rupert,Zephyrus,rupert.zephyrus@example.com,KJ10 8QL,Northwold
r0002000,Rupret,Zephyrus,rupert.zephyrus@example.com,KJ10 8QL,Northwold
r0002001,Rupert,Zephyrus,RUPERT.ZEPHYRUS@EXAMPLE.COM,KJ11 8QL,Northwold
r0002002,Ingrid,Fotheringay,ifotheringay@example.com,JL13 4SF,Mordenhall
r0002003,Alistair,Sinclair,asinclair@example.com,GH75 2NF,Fenwick
r0002004,Imogen,Lyttleton,imogen.lyttleton@example.org,EW50 7FA,Inverleith
r0002005,Isabel,Lyttleton,isabel85@example.org,AJ85 4LP,Glassmere
r0002006,Zebedee,Quenington,zebedee43@example.org,JP36 6SL,Kestrelby
r0002007,Zebedee,Queington,ZEBEDEE43@EXAMPLE.ORG,JS36 6SL,Kestrelby
r0002008,Zebedee,Quenington,zebedee43@example.org,ME98 7RJ,Pinecross
r0002009,Zora,Ponsonby,zora_ponsonby@example.org,VX33 2TT,Pinecross
r0002010,Zora,Posnonby,ZOA_PONSONBY@EXAMPLE.ORG,VX33 2BT,
r0002011,Julius,Wilberforce,julius78@example.com,UX32 7GD,Eastmarch
r0002012,Barnaby,Jerningham,barnaby.jerningham@example.org,JW59 3RR,Mordenhall
r0002013,Ximena,Abernathy,ximena_abernathy@example.com,GH72 2SD,Harrowgate
r0002014,Phoebe,Quenington,phoebe.quenington@example.org,XY62 4NH,Pinecross
r0002015,Harold,Greenhalgh,harold_greenhalgh@example.com,LP60 6DX,Harrowgate
r0002016,Yolanda,Chadwick,ychadwick@example.org,YS89 4TL,Kestrelby
r0002017,Yoladna,Chadwick,ychadwick@example.org,YS89 4TL,
r0002018,Yoladna,Chadwick,YCHADWICK@EXAMPLE.ORG,YS89 4TL,
r0002019,Yoalnda,Chhadwick,ychadwick@example.org,YS19 4TL,Kestrelby
r0002020,Harold,Dunmore,harold29@example.com,WJ49 3QR,Glassmere
r0002021,Beatrix,Eastleigh,beatrix.eastleigh@example.org,TD26 7BP,Inverleith
r0002022,Horatio,Pargeter,horatio18@example.net,SK44 6TD,Inverleith
r0002023,Isadora,Nightingale,isadora_nightingale@example.org,UH89 4BD,Kestrelby
r0002024,Isadora,Nightinagle,ISADORA_NIGHTINNGALE@EXAMPLE.ORG,UH89 4BD,Kestrelby
r0002025,Isadora,Nihgtingale,ISADORA_NIGHTINGALE@EXAMPLE.ORG,AD37 2DP,Brightwater
r0002026,Margaret,Inchbald,minchbald@example.org,LV78 1JQ,Langmoor
r0002027,Daniel,Marchbanks,dmarchbanks@example.com,CK97 5RL,Langmoor
r0002028,Jonathan,Fotheringay,jonathan.fotheringay@example.net,PM73 6RT,Glassmere
r0002029,Rupert,Ingram,rupert80@example.net,NN44 3DN,Harrowgate
r0002030,Sylvester,Prescott,sylvester_prescott@example.org,MR43 5BB,Glassmere
r0002031,Evelyn,Cholmondeley,evelyn_cholmondeley@example.com,PU43 7AD,Mordenhall
r0002032,Evelyn,Cholmondeley,Evelyn_Cholmondeley@Example.Com,PU43 7AD,Mordenhall
r0002033,Evelyn,Cholmondeley,EVELYNC_HOLMONDELEY@EXAMPLE.COM,PU43 7AD,Mordenhall
r0002034,Alistair,Emberly,alistair.emberly@example.net,EX65 2BJ,Kestrelby
r0002035,Dorothea,Rutherglen,dorothea.rutherglen@example.org,MK84 4UQ,Inverleith
r0002036,Dorothea,Rutherglen,DOROTHEA.RUTHERGLEN@EXAMPLE.ORG,MK84 4MQ,
r0002037,Dorothea,Rutherglen,Dorothea.Rutherglen@Example.Org,MK84 7UQ,Inverleith
r0002038,Rowena,Greenhalgh,rowena_greenhalgh@example.net,GB85 8PR,Northwold
r0002039,Francis,Eastleigh,francis_eastleigh@example.org,KT32 2QB,Eastmarch
r0002040,Hugo,Yardley,hugo.yardley@example.com,UE14 4YA,Kestrelby
r0002041,Zora,Ottaway,zora.ottaway@example.net,PC58 2PR,Langmoor
r0002042,Ezekiel,Lockhart,ezekiel_lockhart@example.com,BB47 8EX,Kestrelby
r0002043,Ophelia,Ivory,oivory@example.net,DY32 8SZ,Langmoor
r0002044,Josephine,Marchbanks,jmarchbanks@example.org,PT31 7ZW,Oakhaven
r0002045,Julius,Kirkbride,jkirkbride@example.org,GD47 1ZG,Langmoor
r0002046,Jluius,Krikbride,Jkirkbride@Example.Org,GD47 1ZG,Langmoor
r0002047,Isabel,Quillon,isabel_quillon@example.com,LY92 4GS,Langmoor
r0002048,Jasper,Oakhurst,jasper_oakhurst@example.net,AL26 8XN,Cedarhill
r0002049,Anneliese,Prescott,aprescott@example.net,HK21 7TN,Cedarhill
r0002050,Perpetua,Chadwick,pchadwick@example.com,ME25 7SL,Pinecross
r0002051,Ezekiel,Drummond,edrummond@example.org,YX90 6HZ,Northwold
r0002052,Wilhelmina,Vexley,wilhelmina_vexley@example.net,CC56 2RP,Pinecross
r0002053,Beatrix,Ollerenshaw,beatrix.ollerenshaw@example.net,HM50 6RG,Northwold
r0002054,Betarix,Ollerenshaw,beatrix.ollerenshwa@example.net,HM50 6RG,Northwold
r0002055,Beartix,Ollerenshaw,BEATRIX.OLLERENSHAW@EXAMPLE.NET,HM50 6RG,Northwold
r0002056,Beatrix,Ollerenshaw,Beatrix.Ollerenshaw@Example.Net,HM50 6RG,Northwold
r0002057,Genevieve,Yardley,genevieve.yardley@example.net,WM38 7RT,Brightwater
r0002058,Dominic,Sedgwick,dsedgwick@example.net,NT91 3YD,Harrowgate
r0002059,Domiinc,Sedgwick,dsedgwik@example.net,NT91 3YD,Harrowgate
r0002060,Domniic,Seddgwick,Dsedgwick@Example.Net,NT91 6YD,Harrowgate
r0002061,Rowena,Netherfield,rnetherfield@example.net,PW63 7FU,Ashford
r0002062,Rowena,Netherfield,Rnetherfield@Example.Net,JF52 6LU,Glassmere
r0002063,Laurence,Farquharson,laurence34@example.org,BE47 2BD,Glassmere
r0002064,Rupert,Jessop,rupert_jessop@example.net,XN40 1AR,Mordenhall
r0002065,Amelia,Illingworth,amelia16@example.net,KY34 1AY,Kestrelby
r0002066,Amelai,Illingworth,Amelia16@Example.Net,KY34 1AY,Kestrelby
r0002067,Amelia,Illingworth,amelia16@example.net,KY84 1AY,Kestrelby
r0002068,Montgomery,Hollingsworth,montgomery.hollingsworth@example.net,DD21 2SU,Ashford
r0002069,Lucasta,Kettering,lucasta_kettering@example.net,VT34 5ZR,Oakhaven
r0002070,Niamh,Trelawney,niamh_trelawney@example.com,MM48 7HU,Brightwater
r0002071,Valentina,Tremaine,valentina_tremaine@example.net,LH98 5GY,Draysbourne
r0002072,Patrick,Ziegler,patrick.ziegler@example.org,JR27 7HG,Harrowgate
r0002073,Edmund,Fitzwilliam,edmund36@example.com,NU14 3DH,Draysbourne
r0002074,Peregrine,Somerville,peregrine_somerville@example.org,DV76 1LH,Eastmarch
r0002075,Ingrid,Ashworth,ingrid_ashworth@example.com,CC98 3EA,Langmoor
r0002076,Ingird,Ashworth,INGRRID_ASHWORTH@EXAMPLE.COM,CC98 3EA,Langmoor
r0002077,Orlando,Braithwaite,orlando.braithwaite@example.com,EC59 4JY,Harrowgate
r0002078,Lysander,Thackeray,lysander_thackeray@example.net,XY95 5QJ,Harrowgate
r0002079,Bartholomew,Mainwaring,bartholomew.mainwaring@example.net,FH47 6RZ,Glassmere
r0002080,Bartholomew,Mainwarign,BARTHOLOMEW.MAINWARING@EXAMPLE.NET,PT77 1BJ,Pinecross
r0002081,Honoria,Radcliffe,honoria84@example.net,WB64 7BZ,Kestrelby
r0002082,Mabel,Pargeter,mabel.pargeter@example.org,XT54 8RR,Inverleith
r0002083,Nathaniel,Wainwright,nathaniel42@example.org,PY60 2YR,Northwold
r0002084,Maximilian,Trelawney,maximilian_trelawney@example.org,JA21 5YA,Cedarhill
r0002085,Verity,Balfour,verity58@example.org,YC20 7AL,Kestrelby
r0002086,Dorothea,Applegarth,dorothea.applegarth@example.com,WV15 2QG,Inverleith
r0002087,Isadora,Ellsworth,iellsworth@example.com,XW92 4TZ,Eastmarch
r0002088,Isadora,Ellsowrth,IELLSWORTH@EXAMPLE.COM,XW92 4TZ,Eastmarch
r0002089,Esther,Ormsby,eormsby@example.com,BY98 1GN,Northwold
r0002090,Quentin,Wolstenholme,quentin46@example.net,NR83 2TH,Eastmarch
r0002091,Quenitn,Wolsttenholme,quentin46@example.net,NW83 2TH,Eastmarch
r0002092,Oswald,Hepplewhite,oswald42@example.org,FX43 3PR,Draysbourne
r0002093,Tamsin,Rosewarne,tamsin11@example.com,JF59 6QL,Pinecross
r0002094,Cornelius,Pargeter,cornelius_pargeter@example.org,AM55 7ST,Glassmere
r0002095,Maximilian,Nightingale,maximilian_nightingale@example.org,MS21 8WS,Pinecross
r0002096,Maximilian,Nightingale,MAXIMILIAN_NIGHTINGALE@EXAMPLE.ORG,MS21 8WS,
r0002097,Maximilian,Nightingle,maximilian_nightingale@example.org,MS21 8WS,Pinecross
r0002098,Maxiimlian,Nightingle,maximilian_nightingale@example.org,MS21 8WS,Pinecross
r0002099,Eleanor,Fenchurch,eleanor51@example.net,YN73 3SB,Harrowgate
r0002100,Eleanor,Fencchurch,ELEANOR51@EXAMPLE.NET,MW81 8YN,Ashford
r0002101,Eleanor,Fenchurch,Eleanor51@Example.Net,YN73 3SB,
r0002102,Wilhelmina,Verity,wverity@example.net,WC76 4TA,Glassmere
r0002103,Peregrine,Pargeter,peregrine82@example.net,NX85 2RS,Ashford
r0002104,Preegrine,Pargteer,PEREGRINE82@EXAMPLE.NET,NX85 2RS,
r0002105,Lucasta,Quenington,lquenington@example.net,WA27 1LA,Langmoor
r0002106,Clementine,Ottaway,clementine_ottaway@example.com,GB97 7FU,Draysbourne
r0002107,Orlando,Thackeray,orlando38@example.net,EV83 8XA,Kestrelby
r0002108,Leonard,Dunmore,leonard92@example.org,CK24 4FJ,Cedarhill
r0002109,Victoria,Somerville,victoria.somerville@example.com,CY17 2TS,Cedarhill
r0002110,Seraphina,Netherfield,snetherfield@example.com,UB29 3GH,Brightwater
r0002111,Seraphina,Netherfield,SNETHERFIELD@EXAMPLE.COM,HL43 2HP,Cedarhill
r0002112,Seraphina,Netherfield,snetherfield@example.com,UB79 3GH,Brightwater
r0002113,Seraphina,Netherfield,SNETHERFIELD@EXAMPLE.COM,UB29 3GH,Brightwater
r0002114,Ingrid,Carmichael,ingrid18@example.net,AL67 1YH,Oakhaven
r0002115,Winifred,Zennor,wzennor@example.org,AN20 7NS,Brightwater
r0002116,Winifred,Zennor,wzennor@example.org,AN20 4NS,
r0002117,Ingrid,Cholmondeley,icholmondeley@example.net,MU34 3TL,Mordenhall
r0002118,Valentina,Langridge,valentina.langridge@example.org,HG67 1TL,Northwold
r0002119,Magnus,Illingworth,magnus_illingworth@example.com,PG21 4DJ,Mordenhall
r0002120,Verity,Wetherby,vwetherby@example.net,TN53 4PS,Ashford
r0002121,Samuel,Kingscote,skingscote@example.org,NB32 2XE,Brightwater
r0002122,Ximena,Jennings,ximena_jennings@example.com,SA24 3LH,Draysbourne
r0002123,Ximnea,Jennings,ximenna_jennings@example.com,SA24 3LH,Draysbourne
r0002124,Ximena,Jennings,XIMENA_JENNINGS@EXAMPLE.COM,SA24 3LH,Draysbourne
r0002125,Ximena,Jennings,Ximena_Jennings@Example.Com,SA54 3LH,Draysbourne
r0002126,Beatrix,Padgett,beatrix.padgett@example.org,DA33 8YH,Harrowgate
r0002127,Francis,Pargeter,francis_pargeter@example.com,MY23 8TP,Eastmarch
r0002128,Catherine,Illingworth,catherine48@example.net,EX32 5QH,Glassmere
r0002129,Ximena,Sedgwick,ximena80@example.com,FE19 2DJ,Northwold
r0002130,Sebastian,Ziegler,sziegler@example.com,UN96 1YA,Inverleith
r0002131,Giles,Yarborough,giles.yarborough@example.com,EA42 6BQ,Langmoor
r0002132,Glies,Yarborouh,Giles.Yarboroug@Example.Com,EA42 6BQ,Langmoor
r0002133,Giles,Yarborough,giles.yarborough@example.com,HF52 4XE,Kestrelby
r0002134,Giles,Yarboroug,GILES.YARBOROUGH@EXAMPLE.COM,EA42 6MQ,Langmoor
r0002135,Phoebe,Somerville,phoebe.somerville@example.org,CU13 1AA,Brightwater
r0002136,Verity,Chadwick,vchadwick@example.org,GW44 5RJ,Ashford
r0002137,Ingrid,Emberly,ingrid31@example.com,TW17 1ES,Fenwick
r0002138,Perpetua,Jerningham,perpetua50@example.org,FJ13 3DW,Ashford
r0002139,Octavia,Thackeray,othackeray@example.com,MB46 6GD,Harrowgate
r0002140,Beatrix,Langridge,beatrix_langridge@example.org,VK28 2TX,Kestrelby
r0002141,Beatrix,Langridge,beatrix_langridge@example.org,VK28 2GX,Kestrelby
r0002142,Beatrix,Langridge,Beatrix_Langridge@Example.Org,VK28 2TX,Kestrelby
r0002143,Betarix,Langridge,beatrix_langridge@example.org,VK28 2TX,Kestrelby
r0002144,Honoria,Goldsworthy,honoria_goldsworthy@example.net,SA33 2UH,Cedarhill
r0002145,Leonard,Ollerenshaw,leonard.ollerenshaw@example.com,RH92 7JE,Pinecross
r0002146,Xanthe,Netherfield,xanthe.netherfield@example.net,LH62 2DY,Oakhaven
r0002147,Hattie,Hawksmoor,hattie.hawksmoor@example.net,CW37 3QE,Langmoor
r0002148,Zebedee,Ullathorne,zebedee.ullathorne@example.net,TH12 2FZ,Fenwick
r0002149,Mortimer,Quillon,mquillon@example.org,ST92 7ZE,Ashford
r0002150,Evelyn,Lamperton,evelyn88@example.com,KD68 6QR,Inverleith
r0002151,Evelyn,Lamperton,Evelyn88@Example.Com,KD68 6QR,Inverleith
r0002152,Evelyn,Lamerton,evelyn88@example.com,KD68 6QR,Inverleith
r0002153,Esther,Wetherby,esther52@example.org,YH21 7GU,Glassmere
r0002154,Jasper,Ullathorne,jullathorne@example.org,SV26 1DT,Glassmere
r0002155,Anneliese,Bramwell,anneliese_bramwell@example.org,AE66 3JU,Inverleith
r0002156,Margaret,Fotheringay,mfotheringay@example.net,EW57 1AL,Glassmere
r0002157,Mgagie,Foheringay,Mfotheringay@Example.Net,EW57 1AL,Glassmere
r0002158,Margaret,Fotheirngay,mfothreingay@example.net,EW57 1AL,Glassmere
r0002159,Dominic,Zennor,dominic_zennor@example.org,RA21 2BZ,Fenwick
r0002160,Isadora,Oakhurst,isadora_oakhurst@example.com,XM84 2WJ,Langmoor
r0002161,Mabel,Cavendish,mabel.cavendish@example.org,AL98 8DY,Langmoor
r0002162,Mabel,Cavednish,MAABEL.CAVENDISH@EXAMPLE.ORG,AL98 8DY,Langmoor
r0002163,Mabel,Cavendish,MABEL.CAVENDISH@EXAMPLE.ORG,AL98 8DY,Langmoor
r0002164,Ophelia,Grimshaw,ophelia.grimshaw@example.org,EA30 5TP,Cedarhill
r0002165,Isadora,Trelawney,isadora65@example.net,DC15 6XR,Pinecross
r0002166,Isaodra,Trelawey,Isadora65@Example.Net,DC16 6XR,Pinecross
r0002167,Cornelius,Stanhope,cornelius_stanhope@example.net,PV57 8SQ,Draysbourne
r0002168,Rupert,Prescott,rprescott@example.com,XU76 5ZF,Northwold
r0002169,Rueprt,Prescott,rprescott@example.com,CN57 2UW,Fenwick
r0002170,Reginald,Merriweather,reginald11@example.net,PL79 7EB,Cedarhill
r0002171,Reginald,Merrweather,REGINALD11@EXAMPLE.NET,PL79 9EB,Cedarhill
r0002172,Reginald,Merriweather,REGINALD11@EXAMPLE.NET,PL79 7EB,Cedarhill
r0002173,Regianld,Merriwather,reginald11@example.net,DF94 4TL,Fenwick
r0002174,Katherine,Pemberton,katherine40@example.net,VG29 4FE,Inverleith
r0002175,Ktae,Pemberton,katherine40@example.net,WD56 6LS,Langmoor
r0002176,Kaet,Pemberton,Katerine40@Example.Net,VG29 4FE,Inverleith
r0002177,Eleanor,Yeardley,eleanor.yeardley@example.org,FP18 6YB,Fenwick
r0002178,Ellie,Yeardley,ELEANOR.YEARDLEY@EXAMPLE.ORG,FP18 6YB,
r0002179,Ellie,Yeardlley,Eleanor.Yeardley@Example.Org,FP18 6YB,Fenwick
r0002180,Eleanor,Yeardley,ELEANOR.YEARDLEY@EXAMPLE.ORG,FP18 6YB,Fenwick
r0002181,Reginald,Deverell,reginald83@example.net,FY35 8BZ,Glassmere
r0002182,Felicity,Alderton,felicity_alderton@example.net,HX62 8SD,Pinecross
r0002183,Emmeline,Blackwood,emmeline31@example.org,YC32 1FX,Ashford
r0002184,Emmeline,Blackwod,emmelnie31@example.org,YC32 1FX,Ashford
r0002185,Emmeline,Blackwood,EMMELINE31@EXAMPLE.ORG,YC32 1YX,Ashford
r0002186,Emmeline,Thackeray,emmeline.thackeray@example.com,NF67 3SA,Pinecross
r0002187,Cordelia,Underhill,cunderhill@example.com,LT80 5YX,Oakhaven
r0002188,Cordelia,Underill,Cunderhill@Example.Com,LT80 5YX,Oakhaven
r0002189,Gwendolyn,Ilchester,gwendolyn65@example.org,LR98 5JB,Glassmere
r0002190,Gideon,Chadwick,gideon.chadwick@example.net,NK31 8XF,Kestrelby
r0002191,Gideno,Chadwwick,Gideon.Chadwick@Example.Net,NK31 8XF,
r0002192,Gideon,Chadwick,GIDEONC.HADWICK@EXAMPLE.NET,NK31 8XF,Kestrelby
r0002193,Desmond,Kenworthy,desmond25@example.net,RD13 7AH,Brightwater
r0002194,Desmond,Kenworthy,desmodn25@example.net,GG30 8JJ,
r0002195,Julius,Norrington,julius27@example.org,BW42 5DF,Eastmarch
r0002196,Quentin,Umberton,quentin41@example.net,CC61 1JG,Mordenhall
r0002197,Isabel,Fenchurch,ifenchurch@example.net,KF97 2QF,Northwold
r0002198,Bartholomew,Yarborough,bartholomew.yarborough@example.com,KL79 8EE,Eastmarch
r0002199,Olivia,Cholmondeley,olivia3@example.net,BJ22 6TD,Pinecross
r0002200,Gideon,Pemberton,gideon.pemberton@example.net,VS44 2XU,Kestrelby
r0002201,Gideon,Balfour,gideon94@example.org,MU57 7SY,Langmoor
r0002202,Gdieon,Balfour,Gideon94@Example.Org,MU57 7SY,
r0002203,Jonathan,Sinclair,jonathan_sinclair@example.com,CS12 1WZ,Draysbourne
r0002204,Fergus,Yarborough,fergus.yarborough@example.com,UY52 3HL,Kestrelby
r0002205,Fegrus,Yarborough,FERGUS.YARBOROUGH@EXAMPLE.COM,UY52 3HL,Kestrelby
r0002206,Fergus,Yarborough,fergsu.yarborough@example.com,UY52 3HA,Kestrelby
r0002207,Ferugs,Yarborough,Fergus.Yaarborough@Example.Com,UY52 3HL,
r0002208,Octavia,Ellsworth,octavia.ellsworth@example.com,DV88 3ZP,Ashford
r0002209,Desmond,Galbraith,desmond.galbraith@example.org,XW81 1LJ,Cedarhill
r0002210,Desomnd,Galbratih,Desmond.Galbraith@Example.Org,XW81 1LJ,Cedarhill
r0002211,Desmond,Gabraith,Desmond.Galbraith@Example.Org,XW81 1LJ,Cedarhill
r0002212,Horatio,Padgett,horatio.padgett@example.com,TG90 8HR,Northwold
r0002213,Felicity,Galbraith,fgalbraith@example.org,PL35 6TF,Langmoor
r0002214,Lysander,Applegarth,lysander_applegarth@example.com,UN36 7PT,Northwold
r0002215,Beatrix,Zennor,beatrix_zennor@example.net,FE39 2QH,Cedarhill
r0002216,Zebedee,Ziegler,zziegler@example.com,YL61 4XE,Pinecross
r0002217,Orlando,Quimby,orlando_quimby@example.org,RL25 2QH,Fenwick
r0002218,Orlando,Quimyb,Orlando_Quimby@Example.Org,RL25 2QH,Fenwick
r0002219,Esther,Wainwright,esther91@example.net,RD35 1ZN,Fenwick
r0002220,Sylvester,Loxley,sloxley@example.org,VL76 6AZ,Pinecross
r0002221,Sylvester,Loxley,SLOXLEY@EXAMPLE.ORG,VL76 6AZ,Pinecross
r0002222,Evelyn,Dunmore,evelyn_dunmore@example.com,RY35 1ZZ,Pinecross
r0002223,Winifred,Jerningham,wjerningham@example.org,BU21 5FR,Oakhaven
r0002224,Frederick,Kingscote,frederick_kingscote@example.com,DY29 3YF,Brightwater
r0002225,Frederick,Kingscote,FREDERICK_KINGSCOTE@EXAMPLE.COM,DY29 3YF,
r0002226,Ferderick,Kingscote,frederick_kingscote@example.com,DY29 3YF,Brightwater
r0002227,Frederick,Kingscote,Frederick_Kingscote@Example.Com,DY29 3YF,Brightwater
r0002228,Lysander,Emberly,lysander.emberly@example.org,GA39 6FX,Langmoor
r0002229,Clementine,Chadwick,clementine.chadwick@example.com,YV41 2US,Harrowgate
r0002230,Felicity,Drummond,fdrummond@example.org,SY66 6HX,Brightwater
r0002231,Verity,Hawksmoor,verity.hawksmoor@example.org,ET89 3FB,Cedarhill
r0002232,Cordelia,Marchbanks,cordelia.marchbanks@example.org,VJ17 4PR,Fenwick
r0002233,Sylvester,Ufford,sylvester.ufford@example.com,AF50 6GW,Oakhaven
r0002234,Sylvester,Ufofrd,SYLVESTER.UFFORD@EXAMPLE.COM,AF50 6KW,Oakhaven
r0002235,Sylvetser,Uffford,sylvester.ufford@example.com,AF50 6GW,Oakhaven
r0002236,Sylvester,Uffford,sylvester.ufford@example.com,AF50 6GW,
r0002237,Patrick,Hepplewhite,patrick83@example.org,FF61 5SH,Fenwick
r0002238,Patrick,Hepplewwhite,Patrickk83@Example.Org,FF61 5SH,Fenwick
r0002239,Evelyn,Fairbanks,efairbanks@example.com,DL28 4HP,Mordenhall
r0002240,Esther,Vanbrugh,esther_vanbrugh@example.com,XJ35 5NA,Fenwick
r0002241,Thaddeus,Zennor,thaddeus.zennor@example.com,EY63 1YD,Fenwick
r0002242,Miriam,Alderton,malderton@example.org,PW27 5PX,Oakhaven
r0002243,Rowena,Emberly,rowena_emberly@example.org,UF45 1GP,Kestrelby
r0002244,Rowena,Emberly,RowenaEmberly@Example.Org,UF45 1GP,Kestrelby
r0002245,Rowena,Emberly,ROWENA_EMBERLY@EXAMPLE.ORG,UF45 1GP,Kestrelby
r0002246,Rownea,Eberly,ROWENA_EMBERLY@EXAMPLE.ORG,UF45 1GP,Kestrelby
r0002247,Daniel,Mortimer,daniel.mortimer@example.com,UM93 5QT,Cedarhill
r0002248,Daniel,Mortmer,DANIEL.MORTMER@EXAMPLE.COM,UM93 5QT,Cedarhill
r0002249,Daniel,Mrotimer,DANIEL.MORTIMER@EXAMPLE.COM,UK93 5QT,Cedarhill
r0002250,Dan,Mortimer,daniel.mortimer@example.com,UM93 5QT,
r0002251,Nathaniel,Zephyrus,nathaniel.zephyrus@example.com,BN71 4EH,Brightwater
r0002252,Honoria,Wilberforce,honoria79@example.org,HY77 4AP,Oakhaven
r0002253,Mabel,Jennings,mjennings@example.org,CH64 2XP,Brightwater
r0002254,Esther,Jocelyn,esther_jocelyn@example.org,RG12 1JP,Mordenhall
r0002255,Jasper,Greenhalgh,jgreenhalgh@example.com,FC88 7WR,Draysbourne
r0002256,Felicity,Voysey,fvoysey@example.org,KH53 5XJ,Ashford
r0002257,Feliciyt,Voysey,FVOYSEY@EXAMPLE.ORG,KH53 5XJ,
r0002258,Felicity,Vyosey,Fvoysey@Example.Org,XW18 1EJ,Oakhaven
r0002259,Rowena,Osgood,rosgood@example.com,LU84 2LH,Eastmarch
r0002260,Rowena,Ossgood,rosgood@example.com,LU84 2LH,Eastmarch
r0002261,Adelaide,Loxley,adelaide72@example.com,XP60 7EP,Langmoor
r0002262,Matilda,Bramwell,matilda.bramwell@example.net,XR90 8WA,Northwold
r0002263,Hugo,Sinclair,hugo.sinclair@example.com,VB42 8LZ,Cedarhill
r0002264,Xanthe,Grimshaw,xanthe_grimshaw@example.net,AG76 4YX,Langmoor
r0002265,Xanthe,Grimshaww,xanthe_grimshaw@example.net,KH27 5BE,Draysbourne
r0002266,Xanthe,Grimsahw,xanthe_grimshaw@example.net,AG76 4YX,Langmoor
r0002267,Lachlan,Wainwright,lachlan_wainwright@example.org,ES17 2DQ,Northwold
r0002268,Josephine,Hawksmoor,josephine_hawksmoor@example.com,AU50 8BL,Oakhaven
r0002269,Hattie,Nunnerley,hattie.nunnerley@example.net,LT14 8TR,Langmoor
r0002270,Hatite,Nunnerley,HATITE.NUNNERLEY@EXAMPLE.NET,LT14 8TR,Langmoor
r0002271,Hatite,Nunnerley,hattie.nunnerley@example.net,LT14 8TR,Langmoor
r0002272,Htatie,Nunnerley,Hattie.Nunnerley@Example.Net,LT14 8TR,Langmoor
r0002273,Isabel,Applegarth,isabel.applegarth@example.net,TF16 8NJ,Mordenhall
r0002274,Xanthe,Blackwood,xanthe.blackwood@example.com,FR14 7BD,Oakhaven
r0002275,Xanthe,Blackwood,xanthe.blackwood@example.com,AH42 2YX,Langmoor
r0002276,Xatnhe,Blackwood,xanthe.blackwood@example.com,DJ70 6QN,Mordenhall
r0002277,Xanthe,Balckwood,xanthe.blackwood@example.com,FR14 7BD,Oakhaven
r0002278,Yseult,Kenworthy,yseult_kenworthy@example.org,TJ81 4NZ,Inverleith
r0002279,Gideon,Farquharson,gideon.farquharson@example.net,FA66 3DB,Fenwick
r0002280,Wyatt,Jennings,wyatt93@example.net,MV25 4TN,Brightwater
r0002281,Wilhelmina,Cavendish,wilhelmina.cavendish@example.com,UP25 8HL,Langmoor
r0002282,Wilhelmina,Cavendis,WILHELMINA.CAVENDISH@EXAMPLE.COM,UP25 8HL,
r0002283,Wilhelmian,Cvendish,WILHLMINA.CAVENDISH@EXAMPLE.COM,UP25 8HL,Langmoor
r0002284,Josephine,Vanbrugh,jvanbrugh@example.org,KU34 1AG,Eastmarch
r0002285,Nathaniel,Pemberton,nathaniel35@example.net,RW10 7AQ,Langmoor
r0002286,Meredith,Uppingham,meredith.uppingham@example.com,SU37 3YA,Fenwick
r0002287,Julius,Ivory,jivory@example.org,EV92 6BS,Draysbourne
r0002288,Orlando,Sedgwick,orlando31@example.com,EK67 1BJ,Harrowgate
r0002289,Evelyn,Mowbray,evelyn.mowbray@example.org,UE35 8ZG,Ashford
r0002290,Tabitha,Standish,tabitha.standish@example.net,BD49 6SB,Kestrelby
r0002291,Eleanor,Donnelly,eleanor18@example.com,YC17 5BZ,Glassmere
r0002292,Eleanor,Doonnelly,Eleanor18@Example.Com,YC17 5BZ,Glassmere
r0002293,Eleanor,Donnell,eleanor8@example.com,YC17 5BZ,Glassmere
r0002294,Griselda,Wilberforce,griselda_wilberforce@example.org,MF41 7ZU,Mordenhall
r0002295,Maximilian,Drummond,maximilian17@example.org,UY47 1ET,Eastmarch
r0002296,Maximilian,Drummnod,MAXIMILIAN17@EXAMPLE.ORG,UY47 2ET,
r0002297,Esther,Tattersall,esther_tattersall@example.org,SL44 1TL,Mordenhall
r0002298,Giles,Thackeray,giles_thackeray@example.org,BY19 1LL,Glassmere
r0002299,Adelaide,Drummond,adelaide.drummond@example.net,LU90 2JJ,Brightwater
r0002300,Adelaide,Drummond,ADELAIDE.DRUMMOND@EXAMPLE.NET,LU90 2JJ,
r0002301,Adelaide,Drummond,ADELAID.EDRUMMOND@EXAMPLE.NET,SU90 2JJ,Brightwater
r0002302,Adelaide,Drummond,Adelaide.Drummond@Example.Net,LU90 2BJ,Brightwater
r0002303,Yolanda,Fotheringay,yfotheringay@example.net,FS56 6ET,Brightwater
r0002304,Catherine,Mowbray,catherine56@example.net,PR56 8EH,Glassmere
r0002305,Samuel,Drummond,samuel34@example.org,RB20 4DN,Kestrelby
r0002306,Sameul,Drummnd,SAMUEL34@EXAMPLE.ORG,RB20 4DN,Kestrelby
r0002307,Rupert,Ollerenshaw,rupert45@example.org,KE46 6NA,Kestrelby
r0002308,Clementine,Drummond,clementine43@example.org,JW10 3QD,Oakhaven
r0002309,Frederick,Netherfield,frederick35@example.net,ME35 4PT,Eastmarch
r0002310,Cornelius,Somerville,cornelius57@example.net,PC15 1FR,Glassmere
r0002311,Octavia,Farquharson,octavia_farquharson@example.com,PY66 3RG,Ashford
r0002312,Octavia,Farquharso,Octavia_Farqquharson@Example.Com,PY06 3RG,Ashford
r0002313,Octavia,Farquharon,Octavia_Farquharson@Example.Com,PY66 3RG,
r0002314,Katherine,Mowbray,kmowbray@example.net,JY44 1ZL,Cedarhill
r0002315,Josephine,Ormsby,josephine58@example.net,KJ61 2YP,Mordenhall
r0002316,Josephine,Ormby,josephine58@example.net,KJ61 2YP,Mordenhall
r0002317,Josehpine,Ormsby,josephine5@example.net,KJ61 2YP,Mordenhall
r0002318,Josephine,Ormsby,JOSEPHINE58@EXAMPLE.NET,TH56 7BW,Fenwick
r0002319,Rebecca,Somerville,rebecca63@example.net,XU38 2UG,Cedarhill
r0002320,Jasper,Wainwright,jasper.wainwright@example.net,HL26 2EP,Inverleith
r0002321,Jasper,Wainwright,Jasper.Wainwright@Example.Net,WP94 8GS,Fenwick
r0002322,Jasper,Waainwright,Jasper.Wainwright@Example.Net,HL26 2EP,Inverleith
r0002323,Jasper,Waiwright,jasperwainwright@example.net,HL26 2EP,Inverleith
r0002324,Wyatt,Mainwaring,wyatt.mainwaring@example.org,FX40 4FN,Ashford
r0002325,Quentin,Rackham,quentin35@example.org,UA82 4UY,Brightwater
r0002326,Quentin,Rackham,Quentin35@Example.Org,HD95 3JP,Inverleith
r0002327,Quentin,Rackha,QUENTIN35@EXAMPLE.ORG,UA82 4UY,Brightwater
r0002328,Catherine,Ravenscroft,catherine_ravenscroft@example.org,PX66 6GL,Fenwick
r0002329,Desmond,Vanbrugh,desmond91@example.org,UK92 8PT,Harrowgate
r0002330,Hattie,Culpepper,hculpepper@example.net,KL58 6RR,Mordenhall
r0002331,Beatrix,Gillingham,beatrix36@example.com,WN22 1HF,Fenwick
r0002332,Victoria,Pemberton,victoria26@example.com,AP73 5NB,Cedarhill
r0002333,Maximilian,Norbury,maximilian_norbury@example.net,XK78 4LN,Oakhaven
r0002334,Maxiimlian,Norbury,maximilian_norbury@example.net,XK78 4LN,Oakhaven
r0002335,Maximiilan,Norbuyr,MAXIMILIAN_NORBURY@EXAMPLE.NET,XK78 4LN,Oakhaven
r0002336,Dorothea,Verity,dorothea.verity@example.net,FS85 2QU,Northwold
r0002337,Tabitha,Eastleigh,teastleigh@example.org,KR68 5HU,Glassmere
r0002338,Verity,Yeardley,verity76@example.com,WH90 1BQ,Draysbourne
r0002339,Matilda,Stanhope,matilda83@example.net,TY82 2WP,Cedarhill
r0002340,Ignatius,Bramwell,ignatius_bramwell@example.net,CX52 2XU,Draysbourne
r0002341,Mabel,Alderton,mabel94@example.org,WG45 7RD,Harrowgate
r0002342,Isabel,Osgood,isabel.osgood@example.com,NY51 8XA,Oakhaven
r0002343,Isabel,Osgodo,Isabel.Osgoodd@Example.Com,NY51 8XA,Oakhaven
r0002344,Isbael,Osgood,isabel.osgood@example.com,NY51 8XA,Oakhaven
r0002345,Isabel,Osgood,ISABEL.OSGOOD@EXAMPLE.COM,NY51 8XA,Oakhaven
r0002346,Delphine,Alderton,delphine_alderton@example.org,NA62 5TY,Mordenhall
r0002347,Wilhelmina,Bramwell,wilhelmina.bramwell@example.com,MT75 4WD,Fenwick
r0002348,Catherine,Uppingham,catherine_uppingham@example.net,WP32 7FA,Fenwick
r0002349,Gideon,Carmichael,gideon_carmichael@example.com,WA72 1AN,Pinecross
r0002350,Gideon,Carmichael,GIDEON_CARMICHAEEL@EXAMPLE.COM,WA72 1AN,Pinecross
r0002351,Gideon,Carmichael,Gideon_Carmichael@Example.Com,WA72 7AN,Pinecross
r0002352,Gideon,Carmichael,GIDEON_CARMICHAEL@EXAMPLE.COM,WA72 1AN,Pinecross
r0002353,Wilhelmina,Norbury,wilhelmina.norbury@example.com,PS21 1RE,Harrowgate
r0002354,Honoria,Merriweather,honoria43@example.net,RC65 3ZR,Oakhaven
r0002355,Meredith,Thorncroft,mthorncroft@example.net,HG33 6SR,Cedarhill
r0002356,Benjamin,Fenchurch,benjamin96@example.com,KD83 8EH,Kestrelby
r0002357,Clara,Nunnerley,cnunnerley@example.org,DM65 7FX,Ashford
r0002358,Gwendolyn,Mainwaring,gwendolyn.mainwaring@example.net,CC77 1JP,Pinecross
r0002359,Nicholas,Mowbray,nicholas65@example.org,UN96 8RX,Northwold
r0002360,Nicholas,Mowbray,NICOHLAS65@EXAMPLE.ORG,UN95 8RX,Northwold
r0002361,Nicholas,Mowbray,NICHOLAS65@EXAMPLE.ORG,UN96 8RX,Northwold
r0002362,Nick,Mowbray,Nichloas65@Example.Org,UN96 8RX,Northwold
r0002363,Jonathan,Applegarth,jonathan76@example.com,FU72 8BR,Ashford
r0002364,Laurence,Ilchester,laurence.ilchester@example.com,VS65 5AL,Mordenhall
r0002365,Laurence,Illchester,Laurence.Ilchesteer@Example.Com,VS65 5AL,Mordenhall
r0002366,Lysander,Uppingham,lysander63@example.org,GG64 8YS,Ashford
r0002367,Jerome,Wetherby,jerome_wetherby@example.com,SE75 8WW,Brightwater
r0002368,Winifred,Cholmondeley,winifred_cholmondeley@example.net,FS72 1FW,Fenwick
r0002369,Catherine,Yarborough,cyarborough@example.org,RM13 2QQ,Fenwick
r0002370,Wilhelmina,Ivory,wilhelmina29@example.net,AF21 2AL,Oakhaven
r0002371,Wilhelmian,Ivory,Wilhelmina29@Example.Net,AF21 2AL,Oakhaven
r0002372,Wilhelmina,Ivory,Wilhelmina29@Example.Net,AF21 2AL,Oakhaven
r0002373,Wilhelimna,Ivor,Wilhelmina29@Example.Net,AF21 2AL,Oakhaven
r0002374,Rupert,Fenchurch,rfenchurch@example.com,FG39 7QP,Mordenhall
r0002375,Rupert,Fenhurch,RFENCHURCH@EXAMPLE.COM,SL67 8ZE,Draysbourne
r0002376,Rupert,Fenchurch,rfenchurch@example.com,AD19 4UJ,Harrowgate
r0002377,Rupert,Fenchurch,Rfennchurch@Example.Com,FG39 7QP,
r0002378,Tamsin,Blackwood,tamsin.blackwood@example.com,BY19 4WF,Pinecross
r0002379,Jerome,Ashworth,jerome_ashworth@example.org,AP80 1NS,Draysbourne
r0002380,Jerome,Asworth,jerome_shworth@example.org,AJ80 1NS,Draysbourne
r0002381,Delphine,Merriweather,delphine_merriweather@example.com,DW54 8YW,Cedarhill
r0002382,Delphine,Merriweather,DELPHINE_MERRIWEATHER@EXAMPLE.COM,DW54 8YW,Cedarhill
r0002383,Delphine,Merriweather,DELPHINE_MERRIWEATHER@EXAMPLE.COM,DD54 8YW,Cedarhill
r0002384,Amelia,Danvers,amelia75@example.net,JM48 8FH,Harrowgate
r0002385,Daniel,Ingram,daniel48@example.net,VX57 4DP,Pinecross
r0002386,Daniel,Ingram,daniel48@example.net,VX57 4DG,Pinecross
r0002387,Daniel,Ingramm,Daniel48@Example.Net,VX57 4DP,Pinecross
r0002388,Thaddeus,Quillon,thaddeus_quillon@example.com,AS60 8RL,Cedarhill
r0002389,Xanthe,Danvers,xanthe_danvers@example.net,FL51 5UX,Draysbourne
r0002390,Maximilian,Fitzwilliam,maximilian.fitzwilliam@example.com,NN77 2JY,Brightwater
r0002391,Zora,Nightingale,zora62@example.org,LC41 5BT,Ashford
r0002392,Daniel,Jocelyn,daniel.jocelyn@example.org,FA27 6TZ,Harrowgate
r0002393,Patrick,Ponsonby,patrick53@example.org,GD92 1GJ,Mordenhall
r0002394,Laurence,Drummond,ldrummond@example.com,MD52 4YL,Fenwick
r0002395,Bartholomew,Beaumont,bartholomew48@example.org,TU52 4SZ,Harrowgate
r0002396,Ursula,Ormsby,ursula13@example.org,CB28 5GW,Inverleith
r0002397,Griselda,Hepplewhite,griselda.hepplewhite@example.org,VM66 4WD,Pinecross
r0002398,Griselda,Hepplewhite,Griselda.Hepplewhite@Example.Org,EB10 2YZ,Draysbourne
r0002399,Griselda,Hepplewhite,GRISELDA.HEPPLEWHITE@EXAMPLE.ORG,VM60 4WD,Pinecross
r0002400,Griselda,Heppllewhite,GRISELDA.HEPPLEWHITE@EXAMPLE.ORG,VM66 4WD,Pinecross
r0002401,Ursula,Lamperton,ulamperton@example.net,DS63 7RA,Glassmere
r0002402,Juniper,Abernathy,jabernathy@example.com,LA14 6AH,Pinecross
r0002403,Leonard,Jessop,leonard.jessop@example.com,MB15 2XR,Pinecross
r0002404,Nathaniel,Standish,nathaniel.standish@example.net,RK91 2YU,Harrowgate
r0002405,Quentin,Tattersall,quentin23@example.com,HC45 4BA,Eastmarch
r0002406,Ingrid,Elphinstone,ingrid8@example.net,KJ70 2LA,Pinecross
r0002407,Ingrid,Elphinstonee,INGRID88@EXAMPLE.NET,PE92 7PE,Brightwater
r0002408,Ingrid,Elphinstoone,INGRID8@EXAMPLE.NET,KJ70 2LA,Pinecross
r0002409,Ingrid,Elpihnstone,ingrd8@example.net,KJ70 2LA,Pinecross
r0002410,Bartholomew,Deverell,bartholomew_deverell@example.org,AS60 8YA,Mordenhall
r0002411,Jonathan,Kingscote,jonathan.kingscote@example.org,TU44 1QF,Eastmarch
r0002412,Jno,Kingscote,JONATHAN.KINGSCOTE@EXAMPLE.ORG,TU44 1QF,Eastmarch
r0002413,Rebecca,Zennor,rebecca_zennor@example.org,UG27 5FP,Langmoor
r0002414,Rebecca,Zennorr,REBECCA_ZENNOR@EXAMPLE.ORG,UG27 5FP,Langmoor
r0002415,Bekcy,Zennor,rebeccca_zennor@example.org,UR27 5FP,
r0002416,Genevieve,Gillingham,genevieve_gillingham@example.com,AS78 3WB,Kestrelby
r0002417,Genevieve,Gillingham,genevieve_gillingham@example.com,AS78 3WB,
r0002418,Emmeline,Hollingsworth,emmeline64@example.net,XM96 6GL,Pinecross
r0002419,Magnus,Langridge,magnus7@example.org,MR46 4AA,Ashford
r0002420,Emmeline,Hawksmoor,ehawksmoor@example.org,FV94 2BR,Eastmarch
r0002421,Ezekiel,Rosewarne,ezekiel76@example.net,SG90 8DH,Fenwick
r0002422,Barnaby,Ingram,bingram@example.net,BV47 5QY,Eastmarch
r0002423,Sebastian,Rutherglen,sebastian_rutherglen@example.org,DF94 6TF,Brightwater
r0002424,Sebasitan,Rutherglen,sebastian_rutherglen@example.org,DF94 6TF,Brightwater
r0002425,Benjamin,Yelverton,benjamin.yelverton@example.com,JL43 8JW,Pinecross
r0002426,Griselda,Culpepper,griselda_culpepper@example.org,GB40 6YH,Pinecross
r0002427,Rowena,Marchbanks,rmarchbanks@example.net,DW32 8SL,Mordenhall
r0002428,Giles,Fotheringay,giles20@example.com,HH71 5XB,Oakhaven
r0002429,Octavia,Kettering,octavia31@example.org,BW71 6ZU,Langmoor
r0002430,Honoria,Farquharson,honoria_farquharson@example.com,XJ62 5GN,Fenwick
r0002431,Honoria,Farquharson,Honoria_Farquharson@Example.Com,XJ62 5GN,
r0002432,Honoria,Farquharson,HONORIAF_ARQUHARSON@EXAMPLE.COM,XH62 5GN,Fenwick
r0002433,Gideon,Applegarth,gideon_applegarth@example.com,XL68 5SY,Eastmarch
r0002434,Gideon,Applegarth,Gideon_Aplegarth@Example.Com,XL68 5SY,Eastmarch
r0002435,Gideon,Appllegarth,gideon_applegarth@example.com,XL68 5SY,Eastmarch
r0002436,Gideon,Applegarth,GIDEON_APPLEGARTH@EXAMPLE.COM,XL68 5SY,Eastmarch
r0002437,Esther,Wolstenholme,esther.wolstenholme@example.org,VH85 2WR,Langmoor
r0002438,Quentin,Mainwaring,quentin_mainwaring@example.com,JE85 5FE,Glassmere
r0002439,Dorothea,Kettering,dorothea_kettering@example.com,MH29 5JE,Inverleith
r0002440,Katherine,Rackham,katherine12@example.net,PF24 3PT,Brightwater
r0002441,Kate,Rackham,katherine12@example.net,UD61 2AS,Draysbourne
r0002442,Orlando,Zouche,ozouche@example.org,CY24 4EL,Brightwater
r0002443,Penelope,Radcliffe,penelope29@example.org,FU78 1LW,Pinecross
r0002444,Grace,Kettering,gkettering@example.com,KB79 3AW,Fenwick
r0002445,Graec,Kettering,gkettering@example.com,KB79 3AH,Fenwick
r0002446,Graec,Kettering,gkettering@example.com,KB79 3AW,Fenwick
r0002447,Grace,Kettering,GKETTERING@EXAMPLE.COM,KB79 3AW,Fenwick
r0002448,Marguerite,Vexley,mvexley@example.org,YH11 7YY,Draysbourne
r0002449,Benjamin,Pemberton,bpemberton@example.net,BH97 7AZ,Brightwater
r0002450,Elspeth,Langridge,elangridge@example.com,LE47 4DY,Cedarhill
r0002451,Elspeth,Langrideg,ELANGRIDGE@EXAMPLE.COM,LE47 4DY,
r0002452,Elspteh,Langridge,elangridge@example.com,LE47 4DY,Cedarhill
r0002453,Juniper,Jennings,juniper26@example.net,SW48 7QG,Inverleith
r0002454,Isadora,Kettering,isadora_kettering@example.org,XU42 2LZ,Kestrelby
r0002455,Esther,Zephyrus,esther3@example.org,BH23 1UX,Langmoor
r0002456,Esther,Zephyruss,Esther3@Example.Org,UJ50 8TB,Draysbourne
r0002457,Eleanor,Applegarth,eapplegarth@example.org,HV81 6AH,Langmoor
r0002458,Samuel,Sedgwick,samuel_sedgwick@example.com,ST85 1ZE,Northwold
r0002459,Samuel,Sedgwiick,SAMUEL_SEDGWICK@EXAMPLE.COM,UE23 5LG,Fenwick
r0002460,Sma,Sedgwick,samuel_sedgwick@example.com,ST85 1ZE,Northwold
r0002461,Penelope,Fotheringay,penelope_fotheringay@example.net,MH24 6SD,Kestrelby
r0002462,Penleope,Fotheirngay,penelope_fotheringay@example.net,HB31 1DS,Pinecross
r0002463,Penelope,Fotheringay,penelope_fotheringay@example.net,MH24 6SD,
r0002464,Penelope,Fotherigay,penelope_fotheringay@example.net,MH24 6SD,
r0002465,Leonard,Greenhalgh,lgreenhalgh@example.org,BK33 5YF,Glassmere
r0002466,Leonard,Greenhalgh,LGREENHALGH@EXAMPLE.ORG,BK33 5YF,Glassmere
r0002467,Leonard,Greenhalgh,lgreenhalgh@example.org,BK33 5YF,Glassmere
r0002468,Ezekiel,Wetherby,ezekiel.wetherby@example.com,RN32 1GA,Northwold
r0002469,Ezekiel,Wetherby,EZEKIEL.WETHERBY@EXAMPLE.COM,RN32 1GF,
r0002470,Ezekiel,Wetherby,EZEKIEL.WETHERBY@EXAMPLE.COM,RN32 1GA,Northwold
r0002471,Ezkeiel,Wetehrby,ezekiel.wetherby@example.com,RN32 1GA,Northwold
r0002472,Nicholas,Nightingale,nnightingale@example.com,LP78 1FF,Ashford
r0002473,Nick,Nightingale,NNIGHTINGALE@EXAMPLE.COM,RL29 1LD,Kestrelby
r0002474,Alice,Netherfield,anetherfield@example.com,DE19 5LP,Mordenhall
r0002475,Miriam,Mortimer,miriam86@example.org,EC88 2NJ,Harrowgate
r0002476,Mriiam,Mrtimer,MIRIAM86@EXAMPLE.ORG,EC88 2ND,Harrowgate
r0002477,Miriam,Mortmer,MIRIAM86@EXAMPLE.ORG,AL13 4NU,
r0002478,Miriam,Mortier,Miriam86@Example.Org,EC88 2NJ,Harrowgate
r0002479,Peregrine,Jardine,pjardine@example.net,GP47 8QE,Draysbourne
r0002480,Montgomery,Wetherby,mwetherby@example.org,BP39 3QZ,Glassmere
r0002481,Harold,Deverell,harold_deverell@example.org,GM61 2UL,Brightwater
r0002482,Orlando,Wolstenholme,owolstenholme@example.net,XD23 2WQ,Oakhaven
r0002483,Genevieve,Quillon,genevieve64@example.com,SN17 5TL,Langmoor
r0002484,Felicity,Pargeter,felicity20@example.com,GW62 1EG,Cedarhill
r0002485,Adelaide,Yelverton,ayelverton@example.org,HX46 2UH,Harrowgate
r0002486,Imogen,Farquharson,imogen.farquharson@example.com,SY44 8XA,Fenwick
r0002487,Imogen,Faruharson,IMOGEN.FARQUAHRSON@EXAMPLE.COM,SY44 8XA,
r0002488,Imogen,Farquharson,Imogen.Farquharson@Example.Com,SY44 8XA,Fenwick
r0002489,Iomgen,Farquharson,imogen.farquharson@example.com,SY44 8XA,Fenwick
r0002490,Cornelius,Wainwright,cornelius50@example.com,JL98 2UZ,Fenwick
r0002491,Quentin,Jessop,qjessop@example.net,YK16 5YF,Glassmere
r0002492,Grace,Quimby,grace15@example.net,CV42 3GS,Brightwater
r0002493,Lysander,Ingram,lingram@example.com,VU62 1DS,Brightwater
r0002494,Lysander,Ingram,lingram@example.com,VU62 1DE,Brightwater
r0002495,Grace,Ponsonby,grace53@example.net,GA79 3XY,Langmoor
r0002496,Rebecca,Pargeter,rebecca.pargeter@example.net,CR59 4YA,Inverleith
r0002497,Thaddeus,Zouche,thaddeus.zouche@example.org,NS12 5DJ,Brightwater
r0002498,Honoria,Sinclair,honoria.sinclair@example.com,PA51 4SG,Fenwick
r0002499,Marcus,Fenchurch,marcus30@example.net,RJ75 1BL,Northwold
r0002500,Alice,Alderton,alice_alderton@example.com,AG18 2JZ,Kestrelby
r0002501,Wilhelmina,Oakhurst,wilhelmina_oakhurst@example.com,UK37 2RP,Brightwater
r0002502,Hattie,Wainwright,hattie_wainwright@example.org,YH71 8UZ,Kestrelby
r0002503,Giles,Trelawney,giles58@example.com,DC86 6DP,Draysbourne
r0002504,Imogen,Jerningham,imogen_jerningham@example.net,EK66 3QR,Glassmere
r0002505,Katherine,Lyttleton,katherine_lyttleton@example.com,AA22 8FU,Fenwick
r0002506,Kathreine,Lyttletton,Katherine_Lyttleton@Example.Com,AA22 8FU,Fenwick
r0002507,Kate,Lyttleeton,Katherine_Lyttleton@Example.Com,AK22 8FU,
r0002508,Adelaide,Quenington,adelaide_quenington@example.com,AW94 3TS,Langmoor
r0002509,Theodora,Mortimer,theodora85@example.org,VP71 6SG,Inverleith
r0002510,Felicity,Pemberton,fpemberton@example.com,BW45 7FW,Kestrelby
r0002511,Adelaide,Lamperton,adelaide_lamperton@example.net,TU11 1HX,Brightwater
r0002512,Rupert,Norbury,rupert_norbury@example.net,AB52 5UB,Pinecross
r0002513,Rupert,Norbury,RUPERT_NORBURY@EXAMPLE.NET,AB52 5UB,Pinecross
r0002514,Rupert,Norubry,RUPERT_NORBURY@EXAMPLE.NET,AB52 5UB,Pinecross
r0002515,Rupetr,Norburry,Rupert_Norbury@Example.Net,AB52 5UB,Pinecross
r0002516,William,Eastleigh,william.eastleigh@example.net,XK11 4YB,Oakhaven
r0002517,Katherine,Kingscote,katherine.kingscote@example.net,CF68 4TZ,Brightwater
r0002518,Sylvester,Grimshaw,sylvester_grimshaw@example.org,NH43 2HZ,Inverleith
r0002519,Sylvester,Grimshaw,SYLVESTER_GRIMSHAW@EXAMPLE.ORG,NH43 2HZ,Inverleith
r0002520,Magnus,Ullathorne,mullathorne@example.com,XN38 3BP,Glassmere
r0002521,Magnus,Ulathorne,Mulllathorne@Example.Com,PV54 7LH,Fenwick
r0002522,Juniper,Lyttleton,juniper.lyttleton@example.net,MR71 7DH,Ashford
r0002523,Zachary,Prescott,zprescott@example.com,XG49 3DD,Draysbourne
r0002524,Penelope,Jennings,penelope_jennings@example.org,XS79 7GW,Northwold
r0002525,Ignatius,Yarborough,ignatius_yarborough@example.net,CR82 3LN,Inverleith
r0002526,Ignatius,Yarborough,ignatius_yarorough@example.net,CR82 3LN,Inverleith
r0002527,Marguerite,Ainsworth,marguerite74@example.net,TH79 5ZR,Pinecross
r0002528,Octavia,Marchbanks,omarchbanks@example.org,SG21 6SZ,Cedarhill
r0002529,Octavia,Marchbanks,omarchbanks@example.org,SG21 8SZ,Cedarhill
r0002530,Octavia,Marhbanks,Omarchbanks@Example.Org,SG21 6SZ,Cedarhill
r0002531,Sylvester,Yeardley,sylvester_yeardley@example.org,NL11 2ZF,Inverleith
r0002532,Ursula,Ingram,ursula_ingram@example.org,WE58 3BN,Langmoor
r0002533,Ursula,Ingram,URSULA_INGRAM@EXAMPLE.ORG,WE58 3BN,Langmoor
r0002534,Ursula,Ingram,URSULA_INGRAM@EXAMPLE.ORG,WY58 3BN,
r0002535,Urslua,Ingraam,Ursla_Ingram@Example.Org,WE58 3BN,Langmoor
r0002536,Miriam,Kingsley,mkingsley@example.org,UL90 8PS,Mordenhall
r0002537,Miriam,Kingslley,mkingsley@example.org,UL97 8PS,Mordenhall
r0002538,Miriam,Kinsgley,mkingsleey@example.org,UL90 8PS,Mordenhall
r0002539,Miriam,Kinsley,mkingsley@example.org,UL90 8PS,Mordenhall
r0002540,Percival,Tattersall,ptattersall@example.net,CH21 6TG,Cedarhill
r0002541,Winifred,Fairbanks,wfairbanks@example.com,FM39 4QJ,Inverleith
r0002542,Winifred,Fairbbanks,wafirbanks@example.com,FM39 4QJ,Inverleith
r0002543,Ximena,Wolstenholme,xwolstenholme@example.com,VT97 5RR,Fenwick
r0002544,Ximnea,Wolstenholm,xwolstenholme@example.com,VT97 5RR,Fenwick
r0002545,Dominic,Ainsworth,dominic.ainsworth@example.org,VJ55 7BT,Harrowgate
r0002546,Dominic,Aiinsworth,Dominic.Ainsworth@Example.Org,VJ55 7TT,Harrowgate
r0002547,Dominic,Ainsworth,DOMINIC.AINSWORTH@EXAMPLE.ORG,VJ55 7BT,Harrowgate
r0002548,Zachary,Bramwell,zachary.bramwell@example.net,KJ26 2XS,Draysbourne
r0002549,Oswald,Sinclair,osinclair@example.com,SF88 4BR,Inverleith
r0002550,Samuel,Blackwood,samuel_blackwood@example.com,JT25 3TU,Cedarhill
r0002551,Sam,Blackwood,samuel_blackwood@example.com,JT25 3TU,Cedarhill
r0002552,Samule,Blacwkood,samuel_blackwood@example.com,JT20 3TU,Cedarhill
r0002553,Samuel,Bllackwood,Samuel_Blackwood@Example.Com,JT25 3TU,
r0002554,Fergus,Eastleigh,fergus.eastleigh@example.net,VF11 7NX,Ashford
r0002555,Fergus,Eastleigh,FERGUS.EASTLEIGH@EXAMPLE.NET,VF11 7NX,Ashford
r0002556,Fergus,Eastleigh,Fergus.Eastleigh@Example.Net,VF11 7NX,Ashford
r0002557,Fergsu,Eastleigh,FERGUS.EASTLEIGH@EXAMPLE.NET,VF11 7NX,Ashford
r0002558,Yseult,Fenchurch,yseult68@example.com,VU69 1EH,Northwold
r0002559,Yseult,Fenchurh,Yseult68@Example.Com,VU69 1EH,Northwold
r0002560,Sebastian,Sinclair,sebastian42@example.com,KU87 7GS,Draysbourne
r0002561,Olivia,Ravenscroft,olivia24@example.net,TW77 2TD,Harrowgate
r0002562,Catherine,Trelawney,catherine69@example.com,KC21 8QB,Northwold
r0002563,Francis,Harcourt,francis_harcourt@example.net,VB43 5YF,Fenwick
r0002564,Clara,Pemberton,cpemberton@example.com,KS60 1RE,Brightwater
r0002565,Marcus,Fitzwilliam,mfitzwilliam@example.org,AJ20 8EE,Inverleith
r0002566,Seraphina,Eastleigh,seastleigh@example.net,LA63 6HN,Oakhaven
r0002567,Frederick,Ottaway,frederick_ottaway@example.net,PM24 8QN,Cedarhill
r0002568,Wilhelmina,Somerville,wilhelmina.somerville@example.net,CP64 7ZU,Inverleith
r0002569,Samuel,Mainwaring,smainwaring@example.org,HS57 1NH,Inverleith
r0002570,Victoria,Vanbrugh,victoria52@example.net,LU98 8JX,Northwold
r0002571,Victoria,Vanbrugh,Victoria52@Example.Net,LU98 8JD,
r0002572,Victoria,Vanbrugh,victoria52@example.net,LU93 8JX,Northwold
r0002573,Octavia,Greenhalgh,octavia77@example.org,XB39 7FB,Langmoor
r0002574,Octavia,Greeenhalgh,Octavia77@Example.Org,XB39 7FB,Langmoor
r0002575,Octavia,Greenhalgh,Octavia77@Example.Org,XB39 7FB,Langmoor
r0002576,Isabel,Somerville,isabel_somerville@example.org,FB82 4BU,Glassmere
r0002577,Isabel,Somerville,Isabel_Somerville@Example.Org,FB82 4BU,Glassmere
r0002578,Lachlan,Deverell,lachlan_deverell@example.com,AW17 2GF,Harrowgate
r0002579,Seraphina,Umberton,seraphina27@example.net,HM48 5UX,Oakhaven
r0002580,Seraphina,Umbetron,SERAPHINA27@EXAMPLE.NET,CB66 1PG,Kestrelby
r0002581,Seraphina,Umbeton,Seraphina7@Example.Net,HM48 5UX,Oakhaven
r0002582,Serapihna,Umberton,seraphina27@example.net,HM48 5UX,Oakhaven
r0002583,Edmund,Ziegler,edmund.ziegler@example.net,XK50 2XX,Cedarhill
r0002584,Delphine,Illingworth,delphine10@example.com,NF38 6YT,Kestrelby
r0002585,Kirsten,Wainwright,kirsten.wainwright@example.org,DH29 8NG,Eastmarch
r0002586,Kirsetn,Wainwrigh,kirsten.wainwright@example.org,DH29 8NG,Eastmarch
r0002587,Kirsten,Wainwright,Kirsten.Wainwrighht@Example.Org,TJ44 3QS,Kestrelby
r0002588,Kirsten,Wainwriight,KIRSTEN.WAINWRIGHT@EXAMPLE.ORG,DH29 8NG,Eastmarch
r0002589,Emmeline,Carmichael,ecarmichael@example.com,PB28 4BQ,Mordenhall
r0002590,Griselda,Kenworthy,griselda_kenworthy@example.net,TV80 5PZ,Eastmarch
r0002591,Sebastian,Zouche,sebastian54@example.com,LD97 5UJ,Northwold
r0002592,Seabstian,Zouceh,SEBASTIANN54@EXAMPLE.COM,LD97 5UJ,Northwold
r0002593,Seb,Zouche,Sebastian554@Example.Com,LD77 5UJ,Northwold
r0002594,Hugo,Ollerenshaw,hugo_ollerenshaw@example.com,TT17 7LY,Langmoor
r0002595,Kirsten,Fenchurch,kirsten50@example.net,LW83 1TX,Langmoor
r0002596,Anneliese,Alderton,anneliese34@example.org,AS64 7NF,Glassmere
r0002597,Anneliese,Alderton,anneliesse34@example.org,AS64 7NF,Glassmere
r0002598,Anneliese,Alderton,ANNELIESE34@EXAMPLE.ORG,AS64 7NF,Glassmere
r0002599,Rebecca,Fenchurch,rebecca.fenchurch@example.net,EU81 7DU,Kestrelby
r0002600,Bekcy,Fenchurch,REBECCA.FENCHURCH@EXAMPLE.NET,EU21 7DU,
r0002601,Honoria,Vanbrugh,honoria_vanbrugh@example.net,KN87 4PZ,Mordenhall
r0002602,Desmond,Culpepper,desmond_culpepper@example.org,MK35 6ZY,Oakhaven
r0002603,Wilhelmina,Alderton,walderton@example.com,HR10 4FJ,Northwold
r0002604,Seraphina,Wetherby,seraphina.wetherby@example.com,YF35 5YB,Pinecross
r0002605,Seraphina,Wetherby,Seraphina.Wetheby@Example.Com,YF25 5YB,Pinecross
r0002606,Giles,Tremaine,giles_tremaine@example.com,DL10 8TY,Pinecross
r0002607,Genevieve,Alderton,genevieve_alderton@example.com,RE16 8NS,Eastmarch
r0002608,Harold,Kenworthy,hkenworthy@example.net,DG25 7SS,Northwold
r0002609,Perpetua,Pargeter,perpetua_pargeter@example.com,YE52 2WZ,Fenwick
r0002610,Pepretua,Pargeter,perpetua_pargeter@example.com,YE52 2WZ,Fenwick
r0002611,Perpetua,Pargeter,Perpetua_Pargeter@Example.Com,YE52 2WZ,
r0002612,Nadia,Padgett,nadia_padgett@example.com,XC33 1ZB,Fenwick
r0002613,Alistair,Hollingsworth,ahollingsworth@example.org,GR59 8TZ,Cedarhill
r0002614,Nicholas,Goldsworthy,ngoldsworthy@example.org,MU50 3RP,Eastmarch
r0002615,Isabel,Langridge,isabel.langridge@example.org,KN24 7FY,Northwold
r0002616,Isabel,Langridge,Isabel.Langridge@Example.Org,KN24 7FY,
r0002617,Vincent,Netherfield,vincent_netherfield@example.com,XA91 3JS,Inverleith
r0002618,Vincent,Netherfield,VINCENT_NETHERFIELD@EXAMPLE.COM,XA71 3JS,Inverleith
r0002619,Vincent,Nteherfield,vincent_netherfield@example.com,XA91 3JS,Inverleith
r0002620,Vincent,Netherfield,vincent_netherfield@example.com,XK91 3JS,Inverleith
r0002621,Clementine,Farquharson,clementine_farquharson@example.net,BW98 5AR,Oakhaven
r0002622,Harold,Rackham,hrackham@example.net,MG64 6RP,Northwold
r0002623,Harold,Raackham,hracham@example.net,MG64 6RP,Northwold
r0002624,Harold,Rackhamm,Hrackham@Example.Net,MG64 6RP,Northwold
r0002625,Patrick,Verity,patrick.verity@example.org,VV90 3XA,Eastmarch
r0002626,Quentin,Kettering,quentin.kettering@example.com,CT12 3PE,Glassmere
r0002627,Rosalind,Ivory,rosalind_ivory@example.org,NL14 7HJ,Inverleith
r0002628,Amelia,Lyttleton,amelia.lyttleton@example.net,SD15 1PY,Brightwater
r0002629,Amleia,Lyttelton,Amelia.Lyttleton@Example.Net,SD15 1PY,Brightwater
r0002630,Amelai,Lyttlleton,Amelia.Lyttleton@Example.Net,SD15 1PY,Brightwater
r0002631,Jasper,Blackwood,jasper.blackwood@example.net,RM70 4WA,Cedarhill
r0002632,Yolanda,Mortimer,ymortimer@example.org,XE79 6TA,Northwold
r0002633,Ingrid,Kettering,ingrid.kettering@example.org,AP24 3WA,Kestrelby
r0002634,Beatrix,Fenchurch,beatrix74@example.net,TT21 6JF,Cedarhill
r0002635,Hugo,Ainsworth,hugo_ainsworth@example.net,YP69 1FA,Mordenhall
r0002636,Tamsin,Lockhart,tamsin42@example.org,LE42 5NE,Mordenhall
r0002637,Tamsin,Lokhart,tamsin42@example.org,LE42 5NE,Mordenhall
r0002638,Tamsin,Lockhat,TAMSIN42@EXAMPLE.ORG,LE42 5NE,Mordenhall
r0002639,Reginald,Abernathy,rabernathy@example.net,JR92 7ZE,Ashford
r0002640,Regniald,Aberanthy,RABERNATHY@EXAMPLE.NET,JR92 7ZT,
r0002641,Reginadl,Abernahy,rabernath@example.net,JR92 7FE,Ashford
r0002642,Reginald,Aebrnathy,rabernathy@example.net,JR92 7ZE,Ashford
r0002643,Ximena,Norrington,ximena_norrington@example.com,DB26 1SR,Cedarhill
r0002644,Barnaby,Pargeter,bpargeter@example.net,DG46 4QS,Oakhaven
r0002645,Ursula,Ainsworth,uainsworth@example.net,NU79 6SE,Fenwick
r0002646,Sebastian,Ivory,sebastian.ivory@example.com,RJ77 2SP,Draysbourne
r0002647,Sbe,Ivvory,SEBASTIAN.IVORY@EXAMPLE.COM,RJ77 2SP,Draysbourne
r0002648,Seb,Ivry,Seebastian.Ivory@Example.Com,RJ77 2SP,Draysbourne
r0002649,Seabstian,Ivory,sebastian.ivory@example.com,RJ77 2SP,Draysbourne
r0002650,Clara,Netherfield,cnetherfield@example.net,VG72 7YP,Inverleith
r0002651,Daniel,Pargeter,daniel.pargeter@example.org,FE63 5YU,Brightwater
r0002652,Gwendolyn,Zouche,gwendolyn.zouche@example.net,KR28 8GT,Eastmarch
r0002653,Nathaniel,Ashworth,nashworth@example.org,DJ13 4AH,Glassmere
r0002654,Nathaniel,Ashwoth,nashworth@example.org,DJ13 4AH,Glassmere
r0002655,Lachlan,Oakhurst,lachlan_oakhurst@example.org,SK11 1WE,Cedarhill
r0002656,Esther,Farquharson,efarquharson@example.com,LE82 2RD,Ashford
r0002657,Margaret,Sinclair,margaret82@example.com,YX74 3QL,Fenwick
r0002658,Zachary,Lockhart,zlockhart@example.com,SN34 5RL,Cedarhill
r0002659,Zachary,Lockhatr,zlockhart@example.com,WU69 4NN,Langmoor
r0002660,Clementine,Hawksmoor,clementine.hawksmoor@example.org,SG32 6DR,Langmoor
r0002661,Fergus,Wetherby,fergus26@example.net,AF91 8SE,Northwold
r0002662,Emmeline,Kettering,emmeline.kettering@example.com,DR15 4RP,Langmoor
r0002663,Emmeline,Kettering,EMMELINE.KETTERING@EXAMPLE.COM,DR15 4RP,Langmoor
r0002664,Ememline,Kettering,Emmeline.Kettering@Example.Com,DR15 4RP,
r0002665,Emmeline,Ketteringg,emmeline.kettering@example.com,DR15 4RP,Langmoor
r0002666,Maximilian,Donnelly,maximilian.donnelly@example.org,VV16 8HH,Oakhaven
r0002667,Maximilian,Cavendish,maximilian.cavendish@example.net,ST30 8EZ,Pinecross
r0002668,Zachary,Marchbanks,zmarchbanks@example.org,MC55 6PY,Harrowgate
r0002669,Matilda,Yeardley,matilda.yeardley@example.net,VC70 7UQ,Langmoor
r0002670,Laurence,Ormsby,laurence18@example.net,NP41 7YY,Langmoor
r0002671,Rupert,Yeardley,rupert_yeardley@example.com,BM42 1NA,Pinecross
r0002672,Hattie,Wolstenholme,hattie43@example.org,KE82 8BU,Mordenhall
r0002673,Hattie,Wolstenholme,HATTIEE43@EXAMPLE.ORG,KE82 8BU,Mordenhall
r0002674,Hattie,Wlostenholme,HATTIE43@EXAMPLE.ORG,KE82 8BU,Mordenhall
r0002675,Kirsten,Yeardley,kirsten_yeardley@example.org,WM40 2TB,Mordenhall
r0002676,Kirsten,Yeardley,Kirsten_Yeardley@Example.Org,WM40 2TB,Mordenhall
r0002677,Kirsten,Yeardley,Kirsten_Yeardley@Example.Org,WM40 2TB,
r0002678,Tabitha,Ufford,tufford@example.net,AE93 7EH,Mordenhall
r0002679,Tabtiha,Uford,Tufford@Example.Net,AC63 2NP,Langmoor
r0002680,Perpetua,Jocelyn,perpetua_jocelyn@example.org,YS64 7WN,Draysbourne
r0002681,Horatio,Hawksmoor,horatio.hawksmoor@example.net,LR40 3PY,Eastmarch
r0002682,Horatio,Hawksmoor,horatio.hawksmoor@example.net,LR40 3PY,
r0002683,Hattie,Ellsworth,hattie.ellsworth@example.net,GY80 7TG,Oakhaven
r0002684,Perpetua,Eastleigh,perpetua.eastleigh@example.com,CY96 4SJ,Eastmarch
r0002685,Esther,Merriweather,esther_merriweather@example.com,AN17 8PX,Fenwick
r0002686,Eshter,Merriweather,esther_merriweather@example.com,AN17 8PX,Fenwick
r0002687,Estehr,Merriweather,esther_merriweather@example.com,AN17 8PX,Fenwick
r0002688,Estehr,Merriweather,ESTHER_MERRIWWEATHER@EXAMPLE.COM,AN17 8PX,
r0002689,Isadora,Rackham,irackham@example.net,JW14 6EF,Ashford
r0002690,Julius,Ponsonby,julius_ponsonby@example.net,RS68 6XD,Langmoor
r0002691,Zora,Lyttleton,zora.lyttleton@example.org,CB52 7YE,Northwold
r0002692,Zora,Lyttleton,ZORA.LYTTLETON@EXAMPLE.ORG,CB52 7YE,Northwold
r0002693,Zora,Lyttleton,zora.lyttleton@example.org,CB52 7EE,Northwold
r0002694,Leonard,Mowbray,lmowbray@example.net,AY42 1JJ,Glassmere
r0002695,Rupert,Oakhurst,rupert_oakhurst@example.com,PV48 3TR,Langmoor
r0002696,Orlando,Verity,overity@example.org,LH30 4JZ,Ashford
r0002697,Orladno,Veerity,Overity@Example.Org,LH30 4JZ,Ashford
r0002698,Orlando,Veriyt,overity@example.org,LH30 4JZ,Ashford
r0002699,Esther,Applegarth,eapplegarth@example.org,JA14 4WR,Pinecross
r0002700,Frederick,Jerningham,frederick42@example.com,PA76 8SH,Oakhaven
r0002701,Frederick,Jerningham,FREDERICK42@EXAMPLE.COM,EV70 4XF,Kestrelby
r0002702,Frde,Jerninghaam,Frederick42@Example.Com,MR81 5BS,Glassmere
r0002703,Freedrick,Jerningham,Frederick42@Example.Com,FG68 2RL,Draysbourne
r0002704,Adelaide,Gillingham,adelaide_gillingham@example.net,VB87 1JP,Inverleith
r0002705,Aedlaide,Gillingham,ADELAIDE_GILLINGHAM@EXAMPLE.NET,VB87 1JP,Inverleith
r0002706,Hattie,Rackham,hattie.rackham@example.net,WU10 5LN,Northwold
r0002707,Hattie,Rackhham,hattie.rackham@example.net,WU10 5LN,
r0002708,Hattie,Rackha,HATTIE.RACKHAM@EXAMPLE.NET,WU10 5LN,Northwold
r0002709,Hattie,Rackham,Hattie.Rackham@Example.Net,WU10 5LN,Northwold
r0002710,Archibald,Bramwell,abramwell@example.com,GV74 1BL,Pinecross
r0002711,Lachlan,Somerville,lsomerville@example.net,PN74 4JZ,Kestrelby
r0002712,Wyatt,Langridge,wlangridge@example.com,CV95 8PA,Eastmarch
r0002713,Peregrine,Rosewarne,peregrine.rosewarne@example.com,UH48 2NA,Oakhaven
r0002714,Peregrine,Rosewarne,PEREGRINE.ROSEWARNE@EXAMPLE.COM,UH48 2NA,Oakhaven
r0002715,Peregrine,Rosewarne,Peregrine.Rosewarne@Example.Com,UH48 2NA,Oakhaven
r0002716,Dominic,Kingscote,dominic69@example.net,NU76 1UR,Harrowgate
r0002717,Dominic,Kinsgcote,dominic6@example.net,NU76 1UR,Harrowgate
r0002718,Zebedee,Emberly,zebedee81@example.org,HK53 1BW,Mordenhall
r0002719,Seraphina,Cholmondeley,seraphina12@example.org,BN47 8DS,Oakhaven
r0002720,Esther,Voysey,evoysey@example.com,NB32 2FY,Pinecross
r0002721,Ximena,Mortimer,ximena_mortimer@example.org,JF77 6HH,Mordenhall
r0002722,Rupert,Radcliffe,rupert69@example.net,BV15 5ZJ,Oakhaven
r0002723,Samuel,Bramwell,sbramwell@example.net,UG46 2ZF,Mordenhall
r0002724,Penelope,Jocelyn,penelope_jocelyn@example.net,GL54 7YY,Northwold
r0002725,Cornelius,Tattersall,cornelius29@example.com,VC86 3NF,Mordenhall
r0002726,Amelia,Ravenscroft,aravenscroft@example.net,XM45 6EU,Kestrelby
r0002727,Archibald,Ainsworth,archibald_ainsworth@example.net,YN45 5GB,Oakhaven
r0002728,Arhcibald,Aisworth,Archibald_Ainsworth@Example.Net,TR89 8TF,Northwold
r0002729,Archibald,Ainsworth,ARCHIBALD_AINSWORTH@EXAMPLE.NET,YN45 5GB,Oakhaven
r0002730,Francis,Chadwick,francis.chadwick@example.net,PS55 3YW,Glassmere
r0002731,Harold,Ziegler,hziegler@example.org,DM25 6DB,Inverleith
r0002732,Amelia,Jennings,amelia63@example.net,SY26 3NJ,Fenwick
r0002733,Clementine,Merriweather,cmerriweather@example.com,XY94 1QD,Eastmarch
r0002734,Clementine,Merriweather,cmerriweather@example.com,VT79 5LA,Pinecross
r0002735,Clemnetine,Merriweather,CMERRIWEATHER@EXAMPLE.COM,XY94 1QD,Eastmarch
r0002736,Clementine,Merriweatther,CMERRIWEATHER@EXAMPLE.COM,XY94 1QD,Eastmarch
r0002737,Yseult,Culpepper,yculpepper@example.net,AU80 3JX,Inverleith
r0002738,Yseult,Culpepper,YCULPEPPER@EXAMPLE.NET,AU80 3JX,Inverleith
r0002739,Honoria,Cavendish,honoria.cavendish@example.org,GF87 1RR,Kestrelby
r0002740,Hoonria,Cavvendish,honoria.cavendish@example.org,GF87 1RR,Kestrelby
r0002741,Honoria,Cavendish,HONORIA.CAVENDISH@EXAMPLE.ORG,GF87 1RL,Kestrelby
r0002742,Honoria,Cavenndish,Honoria.Cavendish@Example.Org,GF87 1RR,
r0002743,Isabel,Haverford,isabel.haverford@example.org,GG50 3PN,Langmoor
r0002744,Octavia,Elphinstone,octavia95@example.org,AD74 4WS,Ashford
r0002745,Cordelia,Ottaway,cordelia.ottaway@example.com,YC19 2LJ,Brightwater
r0002746,Vincent,Jocelyn,vincent_jocelyn@example.com,SU45 6XL,Mordenhall
r0002747,Olivia,Nunnerley,olivia_nunnerley@example.net,LV75 3EF,Brightwater
r0002748,Miriam,Standish,miriam47@example.org,KK33 3EN,Langmoor
r0002749,Griselda,Greenhalgh,griselda90@example.com,NA28 1XZ,Kestrelby
r0002750,Griselda,Greenhalgh,griselda90@example.com,FR60 1SQ,Langmoor
r0002751,Griselda,Greenalgh,GRISELAD90@EXAMPLE.COM,NA28 1XZ,Kestrelby
r0002752,Griselda,Greenhalgh,griselda90@example.com,XA28 1XZ,
r0002753,Alistair,Harcourt,alistair81@example.com,AD52 5QF,Kestrelby
r0002754,Lavinia,Mowbray,lavinia_mowbray@example.org,BS88 3FW,Eastmarch
r0002755,Horatio,Osgood,horatio55@example.net,GG48 1GN,Langmoor
r0002756,Horatio,Osgood,Horatio55@Example.Net,GG48 1GN,Langmoor
r0002757,Hroatio,Osogod,HORATIO55@EXAMPLE.NET,GG48 1GN,
r0002758,Beatrix,Kirkbride,beatrix95@example.org,PW70 4JB,Harrowgate
r0002759,Dominic,Zephyrus,dominic82@example.org,PK71 5QB,Inverleith
r0002760,Clara,Vanbrugh,clara_vanbrugh@example.net,SK74 6ET,Fenwick
r0002761,Alistair,Wolstenholme,alistair_wolstenholme@example.org,LD73 4HH,Kestrelby
r0002762,Olivia,Loxley,olivia.loxley@example.org,LA74 3WN,Kestrelby
r0002763,Xanthe,Kingsley,xanthe15@example.com,GE72 2ZJ,Draysbourne
r0002764,Xanthe,Kinggsley,Xanthe15@Example.Com,GE72 2ZJ,Draysbourne
r0002765,Xnathe,Kignsley,Xanthe15@Example.Com,GE92 2ZJ,Draysbourne
r0002766,Xanthe,Kingsely,Xanthe15@Example.Com,GE72 2ZJ,Draysbourne
r0002767,Magnus,Kirkbride,mkirkbride@example.com,JG44 1ST,Langmoor
r0002768,Maximilian,Fairbanks,maximilian_fairbanks@example.com,VR37 5YE,Oakhaven
r0002769,Ignatius,Jocelyn,ignatius_jocelyn@example.net,TA31 2JR,Northwold
r0002770,Hugo,Haverford,hhaverford@example.com,TD27 6QW,Draysbourne
r0002771,Hugo,Haverforrd,hhaveerford@example.com,TD27 6QW,Draysbourne
r0002772,Hugo,Haverford,HHAVERFORD@EXAMPLE.COM,TD27 6QW,Draysbourne
r0002773,Hugo,Haverforrd,Hhaverford@Example.Com,RD26 4LZ,Inverleith
r0002774,Julius,Balfour,julius_balfour@example.com,DB45 2GT,Eastmarch
r0002775,Cornelius,Netherfield,cornelius9@example.org,YJ69 3XH,Eastmarch
r0002776,Evelyn,Sinclair,evelyn_sinclair@example.com,VC93 6SH,Pinecross
r0002777,Tamsin,Beaumont,tamsin_beaumont@example.net,DT73 3YU,Cedarhill
r0002778,Rebecca,Netherfield,rebecca26@example.net,GT78 1NW,Oakhaven
r0002779,Rebecca,Hepplewhite,rhepplewhite@example.net,AD72 3RD,Langmoor
r0002780,Juniper,Jardine,juniper44@example.net,MN32 1NL,Inverleith
r0002781,Miriam,Eastleigh,miriam_eastleigh@example.net,WX62 6QD,Ashford
r0002782,Miraim,Eastleigh,miriam_eastleigh@example.net,WX62 6QD,Ashford
r0002783,Miriam,Eastleigh,Mriam_Eastleigh@Example.Net,WX52 6QD,Ashford
r0002784,Emmeline,Drummond,edrummond@example.net,MM96 6DU,Brightwater
r0002785,Jasper,Ilchester,jasper91@example.net,NG29 4LU,Fenwick
r0002786,Jerome,Pemberton,jerome.pemberton@example.org,NL55 4QA,Draysbourne
r0002787,Eleanor,Galbraith,egalbraith@example.org,PR41 4HH,Glassmere
r0002788,Tamsin,Radcliffe,tradcliffe@example.org,TA67 1WT,Kestrelby
r0002789,Lavinia,Chadwick,lavinia.chadwick@example.com,XW18 7GD,Kestrelby
r0002790,Lavinia,Chdawick,lavinia.chadwick@example.com,XW18 7GD,Kestrelby
r0002791,Penelope,Nunnerley,penelope27@example.com,DJ36 1WU,Langmoor
r0002792,Lucasta,Tremaine,ltremaine@example.org,AK14 7EP,Draysbourne
r0002793,Julius,Yardley,julius58@example.org,CX15 7AB,Brightwater
r0002794,Julius,Yardley,JULIUS58@EXAMPLE.ORG,CX15 7WB,Brightwater
r0002795,Juluis,Yarley,Julius58@Example.Org,CX15 7AB,Brightwater
r0002796,Juilus,Yardley,JULIUS58@EXAMPLE.ORG,UX15 7AB,
r0002797,Isabel,Kingscote,isabel_kingscote@example.net,VV53 1DW,Glassmere
r0002798,Yseult,Ottaway,yseult39@example.org,NL63 5JT,Fenwick
r0002799,Isadora,Sedgwick,isadora96@example.com,KA54 1XP,Mordenhall
r0002800,Penelope,Ainsworth,painsworth@example.com,XK55 8GE,Oakhaven
r0002801,Penelope,Ainnsworth,Painsworth@Example.Com,XK55 8GE,
r0002802,Peneolpe,Ainswrth,pinsworth@example.com,XK55 8GE,
r0002803,Penelope,Aisnworth,painsworth@example.com,WD74 6UJ,
r0002804,Beatrix,Balfour,beatrix_balfour@example.net,DK70 1NP,Northwold
r0002805,Julius,Lamperton,julius.lamperton@example.com,FF29 3NJ,Draysbourne
r0002806,Jerome,Alderton,jerome_alderton@example.org,UV16 1XQ,Fenwick
r0002807,Cordelia,Rackham,cordelia_rackham@example.org,KX38 8GE,Inverleith
r0002808,William,Yeardley,wyeardley@example.com,KX10 3FG,Eastmarch
r0002809,Olivia,Ullathorne,olivia29@example.net,JA76 3PT,Oakhaven
r0002810,Laurence,Sedgwick,laurence67@example.org,NK73 5JB,Langmoor
r0002811,Magnus,Nunnerley,magnus91@example.com,DY91 2ET,Brightwater
r0002812,Imogen,Bramwell,imogen.bramwell@example.com,AC21 2JS,Kestrelby
r0002813,Imogen,Bramwell,IMOGEN.BRAMWELL@EXAMPLE.COM,AC21 2JS,Kestrelby
r0002814,Oswald,Norbury,oswald_norbury@example.org,UX62 3GT,Fenwick
r0002815,Montgomery,Norrington,mnorrington@example.org,AK21 1EL,Ashford
r0002816,Julius,Ravenscroft,julius_ravenscroft@example.org,TJ89 4UH,Brightwater
r0002817,Elspeth,Jerningham,elspeth62@example.com,GH56 6RS,Harrowgate
r0002818,Ezekiel,Wilberforce,ezekiel_wilberforce@example.net,WD51 3YZ,Brightwater
r0002819,Daniel,Tattersall,dtattersall@example.org,FF94 6SB,Langmoor
r0002820,Jasper,Kingsley,jasper_kingsley@example.com,UC23 1YN,Oakhaven
r0002821,Catherine,Ashworth,catherine.ashworth@example.com,MD76 3DW,Langmoor
r0002822,Anneliese,Culpepper,anneliese.culpepper@example.net,GA13 4DS,Kestrelby
r0002823,Anneliese,Culeppper,ANNELIESE.CULPEPPER@EXAMPLE.NET,GA13 4DS,Kestrelby
r0002824,Anneleise,Culpepper,anenliese.culpepper@example.net,GA13 4DS,
r0002825,Francis,Rackham,frackham@example.net,HU81 8NX,Harrowgate
r0002826,Fracnis,Rackham,frackham@example.net,HU81 8NX,Harrowgate
r0002827,Marcus,Sedgwick,msedgwick@example.com,BV68 2WH,Mordenhall
r0002828,Mracus,Sedgwick,msedgwick@example.com,BV68 2WH,Mordenhall
r0002829,Macrus,Sedgwick,MSEDGWCK@EXAMPLE.COM,WC44 1ZR,Kestrelby
r0002830,Marucs,Sedgwwick,msedgwick@example.com,BV58 2WH,Mordenhall
r0002831,Nathaniel,Zennor,nzennor@example.com,VR27 8WE,Kestrelby
r0002832,Nathaniel,Zenor,nzennor@example.com,VR27 8WE,
r0002833,Ntahaniel,Zennor,NZENONR@EXAMPLE.COM,VR27 8WE,Kestrelby
r0002834,Dorothea,Fitzwilliam,dorothea7@example.com,XX90 2GH,Northwold
r0002835,Dorothea,Fitwilliam,DOROTHEA7@EXAMPLE.COM,VX90 2GH,Northwold
r0002836,Dorothea,Fitzwilliam,dorothea7@example.com,XX90 2GC,Northwold
r0002837,Harold,Mowbray,harold.mowbray@example.org,DG59 8NP,Oakhaven
r0002838,Meredith,Radcliffe,meredith_radcliffe@example.org,XC79 4GP,Pinecross
r0002839,Alice,Underhill,aunderhill@example.net,EG38 7HP,Cedarhill
r0002840,Beatrix,Merriweather,bmerriweather@example.net,GC73 7ZL,Oakhaven
r0002841,Clara,Ivory,clara.ivory@example.org,VR63 3GJ,Mordenhall
r0002842,Fergus,Harcourt,fergus66@example.net,RF92 3ZY,Inverleith
r0002843,William,Zephyrus,william_zephyrus@example.org,JT61 8ZA,Langmoor
r0002844,Penelope,Trelawney,penelope.trelawney@example.net,TG92 8TA,Glassmere
r0002845,Penelope,Trrelawney,PENELOPE.TRELAWNEY@EXAMPLE.NET,TG92 8TA,
r0002846,Isabel,Wetherby,isabel19@example.org,KR35 5GY,Pinecross
r0002847,Niamh,Chadwick,niamh_chadwick@example.org,AE66 2ZR,Northwold
r0002848,Valentina,Hepplewhite,valentina_hepplewhite@example.org,AX49 7LR,Northwold
r0002849,Cordelia,Ollerenshaw,collerenshaw@example.net,BY10 7HP,Draysbourne
r0002850,Zebedee,Kettering,zebedee_kettering@example.org,JA93 3ZN,Draysbourne
r0002851,Quentin,Lamperton,quentin95@example.net,EX64 2PW,Inverleith
r0002852,Quentin,Lampertonn,quentiin95@example.net,EX64 2PW,
r0002853,Lucasta,Oakhurst,lucasta40@example.org,RE96 1YH,Brightwater
r0002854,Mabel,Vexley,mvexley@example.org,XF27 5UB,Pinecross
r0002855,Lysander,Padgett,lysander73@example.com,VY83 1UZ,Fenwick
r0002856,Rosalind,Ottaway,rottaway@example.org,CF61 6JH,Ashford
r0002857,Seraphina,Mowbray,smowbray@example.org,ET56 4BY,Cedarhill
r0002858,Zachary,Hollingsworth,zachary72@example.org,UH85 8JY,Glassmere
r0002859,Samuel,Quimby,squimby@example.com,LX33 1HA,Glassmere
r0002860,Juniper,Jerningham,juniper.jerningham@example.net,MB86 3GS,Mordenhall
r0002861,Quentin,Osgood,quentin27@example.net,DU59 7GN,Cedarhill
r0002862,Adelaide,Sedgwick,asedgwick@example.com,YT75 2BW,Cedarhill
r0002863,Adelaide,Sedgwik,asedgwick@example.com,YT75 4BW,Cedarhill
r0002864,Samuel,Jessop,sjessop@example.org,TM51 5FX,Fenwick
r0002865,Ursula,Elphinstone,ursula80@example.org,JW57 7EE,Cedarhill
r0002866,Rupert,Rackham,rupert60@example.com,HJ88 4WG,Mordenhall
r0002867,Tamsin,Quarrington,tamsin.quarrington@example.org,ML56 8BQ,Harrowgate
r0002868,Laurence,Carmichael,laurence37@example.org,KD48 4AX,Kestrelby
r0002869,Giles,Jocelyn,giles_jocelyn@example.net,YH44 6XL,Brightwater
r0002870,Giels,Joclyn,giles_jocelyn@example.net,YH44 6XL,Brightwater
r0002871,Dominic,Norrington,dominic_norrington@example.org,RM27 1NP,Kestrelby
r0002872,Theodora,Ravenscroft,theodora.ravenscroft@example.com,DJ67 4FP,Northwold
r0002873,Theodora,Ravenscroft,THEODORA.RAVENSCROFT@EXAMPLE.COM,DJ67 4FP,Northwold
r0002874,Theodora,Ravenscroft,Theodora.Ravenscroft@Example.Com,DJ67 4FP,
r0002875,Theodora,Ravenscroft,Theodora.Ravenscroft@Example.Com,DJ67 4FP,Northwold
r0002876,Clara,Pargeter,cpargeter@example.org,AH58 5EW,Draysbourne
r0002877,Elspeth,Osgood,elspeth.osgood@example.com,CW87 2TN,Glassmere
r0002878,Elspeth,Osgood,elspeth.osgood@example.com,CW27 2TN,Glassmere
r0002879,Matilda,Ziegler,mziegler@example.org,AL67 7LA,Harrowgate
r0002880,Margaret,Danvers,mdanvers@example.com,UK31 8TL,Kestrelby
r0002881,Mragaret,Danvers,mdanvers@example.com,UK31 8TL,Kestrelby
r0002882,Margraet,Danvers,mdanvers@example.com,LK37 8HT,Draysbourne
r0002883,Maggie,Danveers,mdanvers@example.com,UK31 8TL,Kestrelby
r0002884,Barnaby,Quimby,bquimby@example.net,GM51 2FF,Langmoor
r0002885,Rowena,Fairbanks,rfairbanks@example.com,HF58 7XH,Harrowgate
r0002886,Zora,Ainsworth,zora.ainsworth@example.org,LL13 4QW,Cedarhill
r0002887,Amelia,Norrington,anorrington@example.net,YT29 5UG,Mordenhall
r0002888,Mabel,Ufford,mabel.ufford@example.com,JX57 3NB,Brightwater
r0002889,Adelaide,Quimby,adelaide.quimby@example.net,KF43 4NE,Brightwater
r0002890,Reginald,Greenhalgh,reginald24@example.com,FY50 2AB,Eastmarch
r0002891,Evelyn,Wolstenholme,evelyn_wolstenholme@example.net,JK73 5JA,Oakhaven
r0002892,Evelyn,Wolstenholem,evelyn_wolstenholme@example.net,JK73 5JA,Oakhaven
r0002893,Evelyn,Wolstenholme,evelyn_wolstenholme@example.net,JS73 5JA,
r0002894,Evelyn,Wolstenholme,EVELYN_WOLSTENHOLME@EXAMPLE.NET,JK73 5JA,Oakhaven
r0002895,Isabel,Jessop,isabel28@example.com,MU64 7NJ,Mordenhall
r0002896,Isabel,Jssop,Isabel28@Example.Com,MU64 7NJ,Mordenhall
r0002897,Isabel,Jesso,Isabel28@Example.Com,MU64 7NJ,Mordenhall
r0002898,Xanthe,Abernathy,xanthe83@example.net,GE88 3RP,Northwold
r0002899,Olivia,Galbraith,ogalbraith@example.net,SR79 3BD,Northwold
r0002900,Samuel,Gillingham,samuel_gillingham@example.org,SC73 7BX,Oakhaven
r0002901,Samuel,Gilingham,Samuel_Gillingham@Example.Org,SC73 7BX,Oakhaven
r0002902,Sam,Gillingham,Samuel_Gillingham@Example.Org,SC73 7BX,
r0002903,Sam,Gillingham,samuel_gillingham@example.org,AR80 6DR,Langmoor
r0002904,Octavia,Fairbanks,octavia_fairbanks@example.com,UK70 5NN,Kestrelby
r0002905,Valentina,Norrington,valentina.norrington@example.com,RG57 5AR,Kestrelby
r0002906,Alice,Balfour,alice.balfour@example.com,AF94 4LE,Mordenhall
r0002907,Zora,Carmichael,zcarmichael@example.org,DF40 1YR,Langmoor
r0002908,Gideon,Wetherby,gideon.wetherby@example.org,CB10 5SQ,Glassmere
r0002909,Theodora,Rutherglen,theodora.rutherglen@example.com,EB44 3SW,Fenwick
r0002910,Kirsten,Wilberforce,kirsten_wilberforce@example.org,LG37 8FZ,Langmoor
r0002911,Kirsetn,Wilberforce,Kirsten_Wilberforce@Example.Org,LE37 8FZ,
r0002912,Kirsten,Wilberforce,Kirsten_Wilberforce@Example.Org,LG37 8FR,Langmoor
r0002913,Elspeth,Eastleigh,elspeth_eastleigh@example.org,SK82 7SX,Glassmere
r0002914,Elspeth,Eastleeigh,elspeth_eastleigh@example.org,SK82 7SX,Glassmere
r0002915,Felicity,Vexley,felicity87@example.com,KG31 1LP,Draysbourne
r0002916,Feliicty,Veexley,Felicity87@Example.Com,KG31 1LP,Draysbourne
r0002917,Magnus,Beaumont,magnus.beaumont@example.com,RA48 3NE,Fenwick
r0002918,Magnus,Beaaumont,magnus.beaumont@example.com,RA44 3NE,Fenwick
r0002919,Magnus,Beaumont,magnus.beaumont@example.com,RA48 3NE,
r0002920,Magnus,Beaumont,MAGNUS.BEAUMONT@EXAMPLE.COM,RA48 3NE,Fenwick
r0002921,Ezekiel,Padgett,ezekiel7@example.com,TY20 6DP,Mordenhall
r0002922,Ezekiel,Padggett,ezekiel7@example.com,WU84 6TE,
r0002923,Hugo,Drummond,hdrummond@example.net,PH82 6JD,Ashford
r0002924,Theodora,Wetherby,twetherby@example.org,XA19 4YB,Cedarhill
r0002925,Theodoar,Wetheby,twetherby@example.org,XA19 4YB,Cedarhill
r0002926,Theodora,Wetherby,twetherby@example.org,XA19 4YB,
r0002927,Delphine,Langridge,delphine_langridge@example.com,HL17 1YT,Pinecross
r0002928,Delphine,Langridge,DELPHINE_LANGRIDGE@EXAMPLE.COM,HL17 1YT,Pinecross
r0002929,Delphine,Langirdge,DELPHINE_LANGRIDGE@EXAMPLE.COM,HL17 1YT,
r0002930,Sebastian,Merriweather,smerriweather@example.org,MA42 5ZR,Brightwater
r0002931,Sebsatian,Merriweather,smerriweather@example.org,MA42 5ZR,Brightwater
r0002932,Sebastian,Merriweather,Smerriweather@Example.Org,MA42 5ZR,Brightwater
r0002933,Thaddeus,Ziegler,thaddeus_ziegler@example.org,VC22 6JG,Eastmarch
r0002934,Thaddeus,Zieegler,thaddeus_ziegler@example.org,VC22 6JG,Eastmarch
r0002935,Thaddeus,Ziegler,THADDEUS_ZIEGLER@EXAMPLE.ORG,VC22 6FG,Eastmarch
r0002936,Thaddeus,Ziegler,THADDEUS_ZIEGLER@EXAMPLE.ORG,VC22 6JT,Eastmarch
r0002937,Perpetua,Wainwright,perpetua_wainwright@example.org,CP52 7BT,Mordenhall
r0002938,Dorothea,Culpepper,dorothea22@example.net,PS49 8NH,Langmoor
r0002939,Doorthea,Culpepper,Dortohea22@Example.Net,PS49 8NH,Langmoor
r0002940,Dorothea,Culpepper,DOROTHEA22@EXAMPLE.NET,PS49 8NH,Langmoor
r0002941,Dorothea,Culpepper,Dorothea22@Example.Net,PS49 8NH,Langmoor
r0002942,Archibald,Greenhalgh,archibald38@example.net,PX48 4GG,Inverleith
r0002943,Imogen,Balfour,ibalfour@example.org,CG57 3TQ,Inverleith
r0002944,Victoria,Danvers,victoria_danvers@example.net,AX96 5LZ,Kestrelby
r0002945,Jerome,Farquharson,jerome_farquharson@example.org,WB93 3WQ,Ashford
r0002946,Jerome,Farquharson,Jerome_Farquharson@Example.Org,WB93 3WQ,Ashford
r0002947,Jerome,Fraquharson,Jerome_Farquharson@Example.Org,WB93 3WQ,Ashford
r0002948,Jeorme,Farquharson,jerome_farquharson@example.org,WB93 3WQ,Ashford
r0002949,Cornelius,Elphinstone,cornelius.elphinstone@example.net,WU21 2TE,Kestrelby
r0002950,Cornelius,Elphinstone,Cornelius.Elphinstone@Example.Net,WU21 2TE,
r0002951,Cornleius,Elphinstone,cornelius.elphinstone@example.net,JU21 2TE,Kestrelby
r0002952,Cornelius,Elphinsstone,cornelius.elphinstone@example.net,WU21 2TE,Kestrelby
r0002953,Percival,Kenworthy,percival_kenworthy@example.net,KC73 5GF,Mordenhall
r0002954,Ingrid,Thorncroft,ingrid4@example.net,FH98 1XL,Oakhaven
r0002955,Inrgid,Thorncroft,Ingrid4@Example.Net,FH98 1XL,Oakhaven
r0002956,Ingrid,Thorncrof,ingrid4@example.net,FH98 1XL,Oakhaven
r0002957,Zachary,Tremaine,zachary9@example.org,RN49 1NA,Oakhaven
r0002958,Mortimer,Padgett,mortimer7@example.net,SA92 3DZ,Mordenhall
r0002959,Daniel,Elphinstone,daniel.elphinstone@example.org,GC32 8UX,Pinecross
r0002960,Yolanda,Tattersall,yolanda_tattersall@example.com,FS52 2LD,Pinecross
r0002961,Leonard,Uppingham,leonard63@example.com,CN52 2UF,Cedarhill
r0002962,Orlando,Kirkbride,orlando.kirkbride@example.org,JW29 6JP,Draysbourne
r0002963,Octavia,Thorncroft,octavia_thorncroft@example.org,YB57 6YD,Northwold
r0002964,Margaret,Standish,margaret.standish@example.com,MW51 3RR,Inverleith
r0002965,Jerome,Radcliffe,jerome23@example.com,KR59 5WE,Mordenhall
r0002966,Samuel,Hollingsworth,samuel49@example.org,VK46 3JW,Oakhaven
r0002967,Archibald,Lockhart,archibald_lockhart@example.net,GV60 4PA,Northwold
r0002968,Xanthe,Trelawney,xanthe_trelawney@example.net,AF75 1RX,Glassmere
r0002969,Elspeth,Fairbanks,elspeth_fairbanks@example.net,NU98 3RE,Oakhaven
r0002970,Alistair,Ashworth,alistair1@example.com,PH35 7GD,Harrowgate
r0002971,Phoebe,Emberly,phoebe_emberly@example.org,RN16 6WA,Harrowgate
r0002972,Griselda,Sinclair,griselda64@example.org,KA25 5YD,Mordenhall
r0002973,Amelia,Fenchurch,amelia_fenchurch@example.com,FV20 2DD,Inverleith
r0002974,Elspeth,Fenchurch,efenchurch@example.net,HC79 1GQ,Harrowgate
r0002975,Sebastian,Fotheringay,sfotheringay@example.org,XN74 6SB,Kestrelby
r0002976,Penelope,Padgett,ppadgett@example.net,CB58 2FP,Glassmere
r0002977,Maximilian,Ravenscroft,mravenscroft@example.net,JS78 1ND,Eastmarch
r0002978,Valentina,Ashworth,valentina6@example.com,LR60 3AY,Glassmere
r0002979,Barnaby,Galbraith,barnaby.galbraith@example.org,BF93 4TY,Oakhaven
r0002980,Gwendolyn,Radcliffe,gradcliffe@example.com,RY83 8NP,Draysbourne
r0002981,Gwendolyn,Radcliffe,GRADCLIFFE@EXAMPLE.COM,RY83 8NP,Draysbourne
r0002982,Gwendolyn,Radcliffe,GRADCLIFFE@EXAMPLE.COM,RY83 8NP,Draysbourne
r0002983,Dominic,Ellsworth,dellsworth@example.net,EU75 7XX,Fenwick
r0002984,Hattie,Eastleigh,hattie46@example.org,BW50 1DQ,Inverleith
r0002985,Magnus,Ingram,magnus_ingram@example.org,MB19 8ZY,Fenwick
r0002986,Mangus,Ingramm,MAGNUS_INGRAM@EXAMPLE.ORG,MB19 8ZY,Fenwick
r0002987,Magnus,Ingram,Magnus_Ingram@Example.Org,MB19 8ZY,Fenwick
r0002988,Magnus,Ingram,MAGNUS_INGRAM@EXAMPLE.ORG,MB19 8ZY,Fenwick
r0002989,Beatrix,Kingsley,bkingsley@example.net,WN16 5FY,Cedarhill
r0002990,Laurence,Jerningham,laurence65@example.org,WX62 4PZ,Ashford
r0002991,Zora,Goldsworthy,zora_goldsworthy@example.org,VN58 5AT,Mordenhall
r0002992,William,Zennor,william36@example.net,KY96 6RQ,Cedarhill
r0002993,Ursula,Galbraith,ugalbraith@example.org,XH17 8BY,Langmoor
r0002994,Ursula,Galbraith,UGALBRAITH@EXAMPLE.ORG,XH17 8BY,Langmoor
r0002995,Julius,Ziegler,julius_ziegler@example.com,RE42 3ZF,Harrowgate
r0002996,Julisu,Ziegle,JULIUS_ZIEGLER@EXAMPLE.COM,RE42 3ZF,Harrowgate
r0002997,Julius,Ziegler,JULIUS_ZIEGLER@EXAMPLE.COM,RE42 3ZF,Harrowgate
r0002998,William,Langridge,wlangridge@example.net,GA39 8GP,Harrowgate
r0002999,Laurence,Fenchurch,laurence_fenchurch@example.com,ME55 8QZ,Inverleith
r0003000,Marguerite,Bramwell,mbramwell@example.org,VB78 7HE,Langmoor
r0003001,Ignatius,Quenington,ignatius.quenington@example.com,GX39 2QF,Brightwater
r0003002,Josephine,Haverford,jhaverford@example.org,VL78 3SY,Pinecross
r0003003,Josephine,Haverford,Jhaverford@Example.Org,VL78 3SY,
r0003004,Tabitha,Fenchurch,tfenchurch@example.net,AU83 2YG,Glassmere
r0003005,Gideon,Fitzwilliam,gideon_fitzwilliam@example.net,NV81 5ZT,Brightwater
r0003006,Barnaby,Merriweather,bmerriweather@example.com,SN33 7PH,Inverleith
r0003007,William,Balfour,william.balfour@example.org,TF57 7AR,Glassmere
r0003008,Nadia,Sinclair,nadia81@example.org,LN28 3EQ,Kestrelby
r0003009,Catherine,Ottaway,cottaway@example.com,BU33 4XU,Fenwick
r0003010,Victoria,Ottaway,victoria_ottaway@example.com,UA88 8ET,Oakhaven
r0003011,Victoria,Ottaway,victoria_otttaway@example.com,UM88 8ET,Oakhaven
r0003012,Vicky,Ottaway,victoria_ottaway@example.com,UA88 8ET,Oakhaven
r0003013,Nadia,Drummond,nadia_drummond@example.org,MD70 3WY,Pinecross
r0003014,Marguerite,Hollingsworth,marguerite_hollingsworth@example.org,HM77 3DT,Oakhaven
r0003015,Meredith,Ottaway,mottaway@example.org,AR35 6AJ,Kestrelby
r0003016,Honoria,Galbraith,honoria.galbraith@example.com,CB84 8HW,Northwold
r0003017,Rowena,Elphinstone,relphinstone@example.org,YG81 2QL,Oakhaven
r0003018,Ezekiel,Marchbanks,ezekiel_marchbanks@example.org,ML75 5XB,Inverleith
r0003019,Barnaby,Nunnerley,bnunnerley@example.org,RN22 8HJ,Brightwater
r0003020,Isabel,Quenington,isabel_quenington@example.org,LA43 2RP,Pinecross
r0003021,Isabel,Quuenington,ISABEL_QUENINGTON@EXAMPLE.ORG,LA43 2NP,Pinecross
r0003022,Augustine,Fotheringay,augustine40@example.net,FL47 5FR,Kestrelby
r0003023,Eleanor,Wainwright,eleanor68@example.net,GA27 2GS,Ashford
r0003024,Ellie,Wainwwright,ELEANOR68@EXAMPLE.NET,GA27 2GS,Ashford
r0003025,Eleanor,Wainright,eleaanor68@example.net,GA27 2GS,Ashford
r0003026,Eleanor,Waniwright,eleanor68@example.net,DY68 3QH,Eastmarch
r0003027,Patrick,Radcliffe,patrick.radcliffe@example.com,UN20 6ZB,Northwold
r0003028,Olivia,Zephyrus,olivia97@example.org,AA50 3QS,Pinecross
r0003029,Frederick,Emberly,femberly@example.net,CT80 5XE,Draysbourne
r0003030,Emmeline,Loxley,eloxley@example.com,TK11 4XS,Glassmere
r0003031,Lavinia,Trelawney,lavinia58@example.com,LF72 3TU,Kestrelby
r0003032,Theodora,Quillon,theodora29@example.com,KM69 5AS,Northwold
r0003033,Thea,Qillon,tehodora29@example.com,KM69 5AS,
r0003034,Theodora,Quillon,THEODORA29@EXAMPLE.COM,KM69 5AS,Northwold
r0003035,Phoebe,Tattersall,ptattersall@example.org,PG35 1AL,Glassmere
r0003036,Phoebe,Tattersall,pttattersall@example.org,PG35 1AL,Glassmere
r0003037,Amelia,Cavendish,amelia.cavendish@example.org,MF49 5GZ,Kestrelby
r0003038,Esther,Bramwell,esther.bramwell@example.net,BB97 8AQ,Glassmere
r0003039,Hattie,Grimshaw,hgrimshaw@example.net,YV50 6JA,Pinecross
r0003040,Mortimer,Elphinstone,melphinstone@example.org,LW60 3WL,Kestrelby
r0003041,Rowena,Ellsworth,rowena31@example.org,KE34 8ZE,Pinecross
r0003042,Adelaide,Padgett,apadgett@example.org,JG40 6QU,Inverleith
r0003043,Nathaniel,Ponsonby,nponsonby@example.net,GY63 8RX,Oakhaven
r0003044,Julius,Danvers,julius.danvers@example.net,AR29 1NX,Oakhaven
r0003045,Julisu,Daanvers,JULIUS..DANVERS@EXAMPLE.NET,GE81 2RF,
r0003046,Julisu,Davners,Julius.Danvers@Example.Net,PT62 4WY,Inverleith
r0003047,Rowena,Ormsby,rowena.ormsby@example.com,FS42 2FX,Glassmere
r0003048,Dorothea,Galbraith,dorothea29@example.com,YL93 5EN,Northwold
r0003049,Isadora,Norrington,isadora.norrington@example.net,PX80 5YJ,Draysbourne
r0003050,Rowena,Rackham,rowena_rackham@example.com,CN96 2JG,Fenwick
r0003051,Alice,Tremaine,atremaine@example.org,MX28 3JL,Eastmarch
r0003052,Francis,Netherfield,francis_netherfield@example.net,WD59 6NZ,Inverleith
r0003053,Katherine,Tremaine,ktremaine@example.org,LW63 7TQ,Eastmarch
r0003054,Katherine,Tremiane,Ktremaine@Example.Org,LW23 7TQ,Eastmarch
r0003055,Katherine,Trmaine,ktremaine@example.org,LW63 2TQ,Eastmarch
r0003056,Katherine,Treamine,ktremaine@example.org,HJ27 2RH,Harrowgate
r0003057,Julius,Hepplewhite,julius44@example.com,JU80 2XN,Eastmarch
r0003058,Montgomery,Quillon,mquillon@example.com,NM64 1YW,Inverleith
r0003059,Montgomery,Qillon,mquillon@example.com,NM64 1YW,Inverleith
r0003060,Montgomery,Quilllon,MQUILLON@EXAMPLE.COM,NM64 1YW,Inverleith
r0003061,Ezekiel,Pemberton,ezekiel74@example.net,SD86 3SR,Pinecross
r0003062,Felicity,Kingsley,felicity.kingsley@example.net,HS57 6SE,Oakhaven
r0003063,Isadora,Stanhope,isadora.stanhope@example.net,WP54 2BY,Cedarhill
r0003064,Catherine,Voysey,catherine60@example.org,CA91 3RX,Eastmarch
r0003065,Catherine,Voyseey,CATHERINE60@EXAMPLE.ORG,CA91 8RX,Eastmarch
r0003066,Genevieve,Oakhurst,genevieve24@example.net,DX89 1YU,Brightwater
r0003067,Ezekiel,Norbury,ezekiel96@example.net,RU95 5ZA,Mordenhall
r0003068,Ezeikel,Nobury,ezekiel96@example.net,RV73 2YN,Fenwick
r0003069,Ezekiel,Norbury,ezekkiel96@example.net,UK22 4AZ,Fenwick
r0003070,Samuel,Rutherglen,srutherglen@example.com,DN11 8PH,Kestrelby
r0003071,Eleanor,Beaumont,ebeaumont@example.net,JP21 4UB,Harrowgate
r0003072,Eleanor,Beaumnot,EBEAUMONT@EXAMPLE.NET,JP21 4UB,Harrowgate
r0003073,Ellie,Beaumont,Ebaeumont@Example.Net,RC33 3AU,Inverleith
r0003074,Eleanor,Beaumot,ebeaumont@example.net,JP21 4UB,Harrowgate
r0003075,Laurence,Ainsworth,laurence30@example.net,JY54 5YB,Kestrelby
r0003076,Laurenec,Ainsworth,laurence30@example.net,JY54 5YB,Kestrelby
r0003077,Laurence,Anisworth,Laurence30@Example.Net,RY73 3DB,Draysbourne
r0003078,Lauernce,Ainswortth,LAURENCE30@EXAMPLE.NET,SV48 7NF,Glassmere
r0003079,Zora,Quarrington,zora.quarrington@example.net,PV88 5QW,Inverleith
r0003080,Peregrine,Fairbanks,pfairbanks@example.net,AE43 7ZF,Harrowgate
r0003081,Peregrine,Fairbanks,PFAIRBANKS@EXAMPLE.NET,AE43 2ZF,
r0003082,Alice,Greenhalgh,alice30@example.com,JJ23 8BP,Pinecross
r0003083,Jasper,Yeardley,jyeardley@example.org,UT46 7SA,Cedarhill
r0003084,Maximilian,Bramwell,maximilian.bramwell@example.org,JY86 3XZ,Inverleith
r0003085,Frederick,Grimshaw,frederick30@example.org,DE21 3GN,Oakhaven
r0003086,Zachary,Mainwaring,zmainwaring@example.net,JB86 8JZ,Ashford
r0003087,Zachary,Osgood,zachary_osgood@example.org,AT74 3EP,Inverleith
r0003088,Zachayr,Osgood,zachary_osgood@example.org,AT74 3EP,Inverleith
r0003089,Zachary,Osgoood,Zachary_Osgood@Example.Org,AT74 3EP,Inverleith
r0003090,Yolanda,Radcliffe,yolanda.radcliffe@example.net,BR20 6ZE,Ashford
r0003091,Marguerite,Goldsworthy,marguerite_goldsworthy@example.com,EV54 8HD,Eastmarch
r0003092,Gwendolyn,Langridge,gwendolyn52@example.com,KV56 5FP,Northwold
r0003093,Marcus,Inchbald,marcus57@example.net,PW29 1UW,Mordenhall
r0003094,Marcus,Inchbald,marcus57@example.net,PW25 1UW,Mordenhall
r0003095,Marcsu,Inchbald,marcus57@example.net,PW29 1UW,Mordenhall
r0003096,Marcus,Inchbald,marcu5s7@example.net,PW29 1UW,Mordenhall
r0003097,Marcus,Farquharson,marcus.farquharson@example.org,KV28 4TB,Pinecross
r0003098,Marcus,Farquahrson,marcus.farquharson@example.org,KV58 4TB,Pinecross
r0003099,Marcus,Farquharson,MARCUS.FARQUHARSON@EXAMPLE.ORG,KV28 4TB,Pinecross
r0003100,Cornelius,Emberly,cornelius_emberly@example.net,YL73 1XF,Oakhaven
r0003101,Cornelius,Emberlly,cornelius_emberly@example.net,YL73 1XF,Oakhaven
r0003102,Ophelia,Standish,ostandish@example.net,XY59 7BR,Oakhaven
r0003103,Delphine,Ormsby,dormsby@example.com,KK48 6TB,Glassmere
r0003104,Dlephine,Orsby,dormsbyy@example.com,FA56 8JY,Mordenhall
r0003105,Delphine,Ormsby,DORMSBY@EXAMPLE.COM,KK48 6TB,Glassmere
r0003106,Delphine,Ormsby,DORMSBY@EXAMPLE.COM,KK48 6TB,Glassmere
r0003107,Julius,Underhill,junderhill@example.org,DE32 2NB,Fenwick
r0003108,Ezekiel,Ullathorne,ezekiel.ullathorne@example.com,UT22 5BL,Ashford
r0003109,Benjamin,Tremaine,benjamin_tremaine@example.org,AW64 7FG,Brightwater
r0003110,Evelyn,Mortimer,emortimer@example.com,UP93 8UW,Ashford
r0003111,Evelyn,Moortimer,emortimer@example.com,UP93 8UW,Ashford
r0003112,Evelyn,Motrimer,Emortimer@Example.Com,AG76 7NW,Pinecross
r0003113,Lachlan,Jessop,lachlan30@example.org,BE69 8FW,Brightwater
r0003114,Lachlan,Jeessop,LACHLAN30@EXAMPLE.ORG,BE69 8FW,Brightwater
r0003115,Lachlan,Jeessop,LACHLAN30@EXAMPLE.ORG,BE69 8FW,Brightwater
r0003116,Lachlan,Jeessop,Lachlan30@Example.Org,BE69 8FW,Brightwater
r0003117,Yseult,Verity,yseult.verity@example.org,AY45 2NF,Cedarhill
r0003118,Octavia,Kingsley,octavia_kingsley@example.net,RC84 8ZJ,Langmoor
r0003119,Perpetua,Yelverton,perpetua13@example.com,VR79 8PJ,Harrowgate
r0003120,Alice,Haverford,alice42@example.com,WP79 4QG,Draysbourne
r0003121,Alistair,Rutherglen,alistair.rutherglen@example.net,JN47 8XD,Draysbourne
r0003122,Alistair,Ruthergln,alistair.rutherglen@example.net,JN47 8XD,Draysbourne
r0003123,Alistair,Rutherglen,ALISTAIR.RUTHERGLEN@EXAMPLE.NET,JN47 8XD,Draysbourne
r0003124,Alistiar,Rutehrglen,ALISTAIR.RUTHERGLEN@EXAMPLE.NET,PN47 8XD,Draysbourne
r0003125,Fergus,Jardine,fergus_jardine@example.org,WH18 8BY,Cedarhill
r0003126,Ezekiel,Galbraith,ezekiel.galbraith@example.net,KR78 6JG,Eastmarch
r0003127,Ezekile,Galbraiht,Ezekiel.Galbraith@Example.Net,KR78 6JG,Eastmarch
r0003128,Rebecca,Fairbanks,rebecca.fairbanks@example.com,NW97 7HD,Harrowgate
r0003129,Augustine,Tattersall,augustine.tattersall@example.com,FF23 3TJ,Pinecross
r0003130,Augustnie,Tattersall,augustine.tattersall@example.com,FF23 3TJ,Pinecross
r0003131,Percival,Culpepper,percival93@example.org,LY76 3EQ,Draysbourne
r0003132,Quentin,Jocelyn,quentin_jocelyn@example.net,CN66 5QX,Langmoor
r0003133,Qunetin,Jocelyyn,quentin_jocelyn@example.net,CN66 5QX,Langmoor
r0003134,Quentin,Jocelyn,QUENTIN_JOCELYN@EXAMPLE.NET,CN66 5QX,Langmoor
r0003135,Quentin,Jocelyn,quentin_jocelyn@example.net,CN66 0QX,Langmoor
r0003136,Anneliese,Jerningham,ajerningham@example.org,YN68 5QU,Harrowgate
r0003137,Laurence,Uppingham,laurence.uppingham@example.com,NR79 3NN,Eastmarch
r0003138,Hugo,Blackwood,hugo.blackwood@example.net,WU56 8UH,Cedarhill
r0003139,Gideon,Inchbald,gideon_inchbald@example.net,WJ20 7XT,Harrowgate
r0003140,Eleanor,Prescott,eleanor.prescott@example.org,GX40 7PX,Harrowgate
r0003141,Winifred,Prescott,winifred47@example.net,UA88 4XQ,Langmoor
r0003142,Ulysses,Goldsworthy,ulysses.goldsworthy@example.org,SP48 6RG,Langmoor
r0003143,Honoria,Deverell,hdeverell@example.com,YR13 8WY,Mordenhall
r0003144,Honoria,Deverell,HDEVERELL@EXAMPLE.COM,YR13 8WY,Mordenhall
r0003145,Honorai,Deverell,Hdeerell@Example.Com,YR13 4WY,
r0003146,Ignatius,Zouche,ignatius.zouche@example.com,CR66 8ZR,Cedarhill
r0003147,Oswald,Everleigh,oeverleigh@example.com,DA62 2RE,Glassmere
r0003148,Oswald,Everleigh,OEVERLEIGH@EXAMPLE.COM,DA62 2RE,Glassmere
r0003149,Oswald,Everleigh,Oeverleigh@Example.Com,CA62 2RE,Glassmere
